Date,Open,High,Low,Close,Adj Close,Volume
4/20/2018,52.169998,52.279999,50.880001,51.529999,44.622421,26910100
4/23/2018,51.689999,51.889999,50.849998,51.099998,44.250069,21706700
4/24/2018,51.869999,53.639999,51.139999,51.450001,44.553146,42494700
4/25/2018,51.860001,52.099998,50.599998,51.380001,44.492535,25752800
4/26/2018,52.259998,53.27,52.07,53.049999,45.93866,39575000
4/27/2018,55.439999,55.790001,52.23,52.73,45.66156,69888100
4/30/2018,52.560001,53.369999,51.209999,51.619999,44.700356,36417400
5/1/2018,51.639999,53.419998,51.439999,53.330002,46.181137,27600800
5/2/2018,53.09,53.200001,52.150002,52.310001,45.297867,25778300
5/3/2018,51.889999,52.560001,51.209999,52.279999,45.271893,28561000
5/4/2018,51.619999,52.84,51,52.779999,45.968636,25642500
5/7/2018,52.860001,53.580002,52.830002,53.330002,46.447666,20285700
5/8/2018,53.290001,53.630001,52.799999,53.630001,46.70895,21026800
5/9/2018,53.759998,54.369999,53.189999,54.34,47.327324,19827500
5/10/2018,54.549999,55,54.099998,54.98,47.884731,18715900
5/11/2018,54.619999,55.189999,54.43,54.669998,47.614727,15405000
5/14/2018,54.77,55.240002,54.740002,54.900002,47.81506,21878200
5/15/2018,54.580002,54.75,53.560001,53.919998,46.961521,21712600
5/16/2018,54.169998,54.700001,53.959999,54.639999,47.588619,16260500
5/17/2018,54.549999,55.439999,54.419998,54.810001,47.736668,16872600
5/18/2018,54.529999,54.540001,53.470001,53.5,46.595726,23679900
5/21/2018,54.360001,55.220001,53.860001,54.32,47.309902,25367400
5/22/2018,54.73,55.049999,54.049999,54.450001,47.423134,19009600
5/23/2018,54,55.23,53.84,55.209999,48.085045,20555400
5/24/2018,55.18,55.299999,54.130001,54.75,47.684406,19667100
5/25/2018,54.799999,55.5,54.540001,55.439999,48.28537,18550000
5/29/2018,55.119999,55.810001,54.810001,55.32,48.180855,24253500
5/30/2018,55.889999,56.200001,55.619999,55.68,48.4944,24711500
5/31/2018,55.669998,55.860001,55.060001,55.200001,48.07634,30962100
6/1/2018,55.84,57.099998,55.799999,57.080002,49.713726,31183200
6/4/2018,57.009998,57.599998,56.779999,56.830002,49.495983,22538100
6/5/2018,56.900002,57.119999,56.220001,56.529999,49.234703,21687000
6/6/2018,56.529999,57.060001,56.080002,57.029999,49.670177,22955400
6/7/2018,56.919998,57,55.619999,55.880001,48.668583,27596100
6/8/2018,55.560001,55.700001,54.66,55.049999,47.945686,30822900
6/11/2018,54.799999,55.09,54.259998,54.52,47.484097,25752400
6/12/2018,54.869999,55.029999,54.220001,54.82,47.745377,23294900
6/13/2018,54.98,55.700001,54.91,55.029999,47.928276,22631400
6/14/2018,55.450001,55.860001,55.18,55.540001,48.372467,23419800
6/15/2018,55.169998,55.380001,54.580002,55.110001,47.997959,39194700
6/18/2018,54.299999,54.299999,52.34,53.220001,46.351864,40764400
6/19/2018,52.139999,52.950001,51.880001,52.93,46.099293,31780900
6/20/2018,53.189999,53.75,52.689999,53.459999,46.560886,21403000
6/21/2018,54.380001,54.529999,51.939999,52.189999,45.454784,44435600
6/22/2018,52.619999,53.09,52.299999,52.5,45.724777,34682100
6/25/2018,51.169998,51.75,49.91,50.709999,44.165783,45356500
6/26/2018,49.950001,50.41,49.360001,49.669998,43.259995,37543000
6/27/2018,49.34,50.060001,48.75,48.759998,42.467426,33338800
6/28/2018,48.580002,49.490002,48.5,49.25,42.894196,29055700
6/29/2018,49.529999,50.110001,49.5,49.709999,43.294834,28906500
7/2/2018,49.040001,50.27,48.830002,50.200001,43.7216,23755500
7/3/2018,50.580002,50.860001,49.43,49.470001,43.085808,16327900
7/5/2018,49.98,50.959999,49.75,50.75,44.200615,26163500
7/6/2018,50.77,51.5,50.400002,51.369999,44.740604,19968000
7/9/2018,51.639999,51.889999,51,51.860001,45.167374,21361600
7/10/2018,52.099998,52.259998,51.84,52.16,45.428654,17362900
7/11/2018,51.689999,51.869999,51.189999,51.200001,44.592548,18665600
7/12/2018,52.049999,52.48,51.73,52.349998,45.594135,20292700
7/13/2018,52.400002,52.419998,51.759998,52.220001,45.480911,13749300
7/16/2018,52.150002,52.32,51.869999,52.009998,45.298012,15951500
7/17/2018,51.049999,51.880001,51.009998,51.75,45.071564,15754500
7/18/2018,51.869999,51.970001,51.470001,51.720001,45.045441,14649000
7/19/2018,51.599998,52.009998,51.049999,51.98,45.271889,15954600
7/20/2018,51.830002,52.07,51.330002,51.91,45.210918,17380500
7/23/2018,51.77,52.5,51.330002,52.310001,45.559299,15945500
7/24/2018,52.759998,53.299999,52.080002,52.18,45.446079,17788700
7/25/2018,52.209999,52.450001,51.09,52.43,45.663818,19854800
7/26/2018,52.450001,53.18,51.869999,52.16,45.428654,28282500
7/27/2018,48.759998,49.200001,47.48,47.68,41.52681,67816700
7/30/2018,47.630001,47.990002,46.43,47.689999,41.535519,35696600
7/31/2018,48.240002,48.68,47.689999,48.099998,41.892597,36581200
8/1/2018,48.060001,48.91,48,48.810001,42.510971,28060700
8/2/2018,48.5,49.52,48.200001,49.48,43.094509,26452500
8/3/2018,49.5,49.779999,49.169998,49.630001,43.225159,22008200
8/6/2018,48.77,49.310001,48.32,49.299999,43.198864,26669000
8/7/2018,49.43,49.830002,49.41,49.700001,43.549362,28322700
8/8/2018,49.599998,50.130001,49.439999,49.959999,43.777191,21990600
8/9/2018,49.860001,50.599998,49.720001,50.139999,43.934921,23795600
8/10/2018,48.509998,49.169998,48.299999,48.849998,42.804562,28712400
8/13/2018,48.919998,49.240002,48.380001,48.450001,42.454063,17070600
8/14/2018,48.669998,48.759998,47.650002,48.119999,42.164902,23061600
8/15/2018,47.779999,48,46.900002,47.459999,41.586582,26739900
8/16/2018,47.75,47.950001,47.049999,47.169998,41.332466,24358000
8/17/2018,47,47.389999,46.330002,47.099998,41.271133,26382000
8/20/2018,47.049999,47.119999,46.189999,46.5,40.745392,24334000
8/21/2018,46.66,47.849998,46.639999,47.619999,41.726784,19254300
8/22/2018,47.25,47.349998,46.919998,47.049999,41.227314,23182500
8/23/2018,46.860001,47.169998,46.709999,46.98,41.165981,31343200
8/24/2018,47.290001,47.889999,47.080002,47.66,41.761822,18214700
8/27/2018,48,48.389999,47.630001,48.349998,42.36644,17170300
8/28/2018,48.549999,48.790001,48.310001,48.57,42.559216,13472400
8/29/2018,48.700001,48.860001,48.400002,48.75,42.71693,13479100
8/30/2018,48.52,48.830002,48.09,48.240002,42.270058,16418800
8/31/2018,47.959999,48.560001,47.919998,48.43,42.436543,16484000
9/4/2018,48.380001,48.43,47.560001,47.959999,42.024704,15682900
9/5/2018,47.75,48.119999,47.470001,47.720001,41.814404,20857200
9/6/2018,47.759998,47.959999,47.209999,47.259998,41.411331,19318100
9/7/2018,46.91,47.48,46.360001,46.450001,40.70158,25958300
9/10/2018,46.560001,46.759998,46.23,46.299999,40.570133,21522400
9/11/2018,46,46.029999,44.889999,44.93,39.369678,32455300
9/12/2018,44.560001,44.98,44.060001,44.93,39.369678,29778700
9/13/2018,45.68,45.849998,45.110001,45.57,39.930473,18657100
9/14/2018,45.779999,45.970001,45.349998,45.540001,39.904186,22998700
9/17/2018,45.290001,45.900002,45.189999,45.419998,39.799038,17603200
9/18/2018,45.580002,46.529999,45.41,46.099998,40.394878,20528100
9/19/2018,46.09,46.439999,45.889999,46.150002,40.438702,15918900
9/20/2018,46.779999,47.360001,46.52,47.200001,41.358753,21999300
9/21/2018,47.119999,47.419998,46.369999,46.66,40.885578,52650600
9/24/2018,46.310001,47,46.150002,46.91,41.104645,17847000
9/25/2018,46.220001,46.389999,45.799999,45.91,40.228401,23389900
9/26/2018,46.040001,46.299999,45.580002,45.700001,40.044392,23957700
9/27/2018,45.91,46.169998,45.73,45.880001,40.20211,15415500
9/28/2018,45.619999,47.75,45.459999,47.290001,41.437626,46223500
10/1/2018,46.790001,47.220001,46.200001,46.450001,40.70158,23796200
10/2/2018,47.509998,48.880001,47.32,48.099998,42.147373,42121100
10/3/2018,48.619999,49.720001,48.560001,48.759998,42.7257,39211900
10/4/2018,48.84,48.860001,47.619999,48.130001,42.173664,30108300
10/5/2018,48.23,48.34,46.66,47.029999,41.209782,28901400
10/8/2018,46.959999,47.349998,46.52,47.029999,41.209782,19376800
10/9/2018,47.18,47.619999,46.540001,46.549999,40.789192,23285700
10/10/2018,46.060001,46.119999,44.799999,44.799999,39.255768,43109500
10/11/2018,45.150002,45.610001,43.73,44.23,38.75631,43648800
10/12/2018,45.27,45.34,44.23,44.880001,39.325867,32087400
10/15/2018,44.630001,45.139999,44.439999,44.529999,39.01918,21633000
10/16/2018,44.900002,46.009998,44.830002,45.939999,40.254684,21472000
10/17/2018,46,46.330002,45.540001,45.889999,40.210869,23124400
10/18/2018,45.650002,45.75,44.830002,44.970001,39.404728,26638800
10/19/2018,45.02,45.18,43.860001,44,38.554771,28368500
10/22/2018,44.5,45.34,44.099998,45.009998,39.439789,34508800
10/23/2018,44.18,45.09,43.91,44.5,38.992893,38590300
10/24/2018,44.16,44.360001,42.360001,42.419998,37.170303,33631800
10/25/2018,43.540001,44.939999,43.279999,44.310001,38.826405,48255300
10/26/2018,45.59,46.439999,44.700001,45.689999,40.035622,67280400
10/29/2018,46.5,46.75,44.439999,45.400002,39.781513,35732200
10/30/2018,45.529999,47.880001,45.459999,47.759998,41.849445,43975200
10/31/2018,48.290001,48.560001,46.830002,46.880001,41.078365,33369100
11/1/2018,46.950001,48.470001,46.860001,48.220001,42.252529,28335300
11/2/2018,48.130001,48.25,46.75,47.110001,41.279892,30759800
11/5/2018,47.34,48.25,46.919998,47.970001,42.033478,23751200
11/6/2018,47.799999,47.919998,47.029999,47.25,41.663124,23839600
11/7/2018,47.630001,48.75,47.59,48.720001,42.95932,29913200
11/8/2018,48.490002,49.290001,48.459999,48.990002,43.197388,26581700
11/9/2018,48.790001,49.029999,47.869999,48.110001,42.42144,21761400
11/12/2018,47.709999,47.799999,46.599998,46.650002,41.134064,24412800
11/13/2018,46.990002,48.25,46.990002,47.389999,41.786575,29315900
11/14/2018,47.849998,47.970001,46.889999,47.09,41.522049,25632700
11/15/2018,47.009998,48.240002,46.720001,48.110001,42.42144,29581000
11/16/2018,47.77,49.049999,47.689999,48.830002,43.056305,31670600
11/19/2018,48.610001,49.150002,47.779999,48,42.32444,26859000
11/20/2018,47.400002,48.119999,47.09,47.389999,41.786575,29200800
11/21/2018,47.849998,47.880001,47.02,47.029999,41.469128,19011400
11/23/2018,46.689999,47.07,46.52,46.540001,41.037075,8906900
11/26/2018,47.27,47.459999,46.700001,47.450001,41.839478,20723000
11/27/2018,46.939999,48.220001,46.59,48.07,42.386166,27621000
11/28/2018,47.939999,48.880001,47.650002,48.860001,43.082748,28003200
11/29/2018,48.490002,48.560001,47.630001,47.700001,42.059917,23592500
11/30/2018,47.950001,49.32,47.560001,49.310001,43.479546,43313700
12/3/2018,50,50.5,49.529999,50.130001,44.202595,30870400
12/4/2018,49.52,49.599998,47.68,47.75,42.104,35397700
12/6/2018,46.799999,48.389999,46.52,48.369999,42.650696,31661700
12/7/2018,47.939999,48.060001,46.23,46.240002,40.772549,34016400
12/10/2018,46.279999,47.459999,46.009998,47.209999,41.627853,23289000
12/11/2018,47.900002,48.59,47.130001,47.380001,41.777748,23851000
12/12/2018,48.580002,48.639999,47.41,47.830002,42.174541,31305000
12/13/2018,48.259998,48.580002,47.860001,48.290001,42.580151,19526000
12/14/2018,47.889999,48.759998,47.849998,47.860001,42.201,26372100
12/17/2018,47.860001,48.41,46.66,47.080002,41.513226,26598700
12/18/2018,47.470001,48.450001,47.360001,47.740002,42.095192,29014300
12/19/2018,47.490002,47.73,45.380001,45.57,40.18177,39717600
12/20/2018,45.41,46.310001,45.009998,45.540001,40.155319,37750900
12/21/2018,45.75,46.650002,44.799999,44.84,39.538086,52768300
12/24/2018,44.630001,45.169998,43.540001,43.59,38.435883,19241600
12/26/2018,44,46.200001,43.509998,46.189999,40.728462,28677600
12/27/2018,45.619999,46.380001,44.669998,46.360001,40.878357,29970700
12/28/2018,46.509998,47.740002,46.299999,46.75,41.222237,24758700
12/31/2018,47.09,47.48,46.549999,46.93,41.380962,20490400
1/2/2019,45.959999,47.470001,45.77,47.080002,41.513226,18774600
1/3/2019,46.150002,46.279999,44.389999,44.490002,39.229473,32267300
1/4/2019,45.84,47.57,45.540001,47.220001,41.636681,35447300
1/7/2019,47.099998,48,46.75,47.439999,41.830654,22736800
1/8/2019,47.799999,48.029999,46.779999,47.740002,42.095192,22749200
1/9/2019,47.959999,48.57,47.779999,48.009998,42.333267,22554500
1/10/2019,47.75,48.650002,47.41,48.560001,42.818233,27202600
1/11/2019,48.099998,49.290001,48.049999,48.93,43.144478,21751300
1/14/2019,48.459999,48.830002,48.299999,48.349998,42.633057,19193900
1/15/2019,48.709999,49.130001,48.439999,48.599998,42.853497,22480800
1/16/2019,48.599998,48.889999,48.080002,48.130001,42.439072,19057700
1/17/2019,48,48.84,47.91,48.470001,42.73888,17448700
1/18/2019,49.110001,49.380001,48.689999,49.189999,43.373741,29874600
1/22/2019,48.959999,48.98,47.869999,48.27,42.562523,25940700
1/23/2019,48.41,48.799999,47.52,47.939999,42.271538,18960700
1/24/2019,48.700001,50.040001,48.599998,49.759998,43.876347,50578300
1/25/2019,46.849998,47.43,45.75,47.040001,41.477959,86455700
1/28/2019,46.130001,46.73,46.049999,46.709999,41.186977,35928700
1/29/2019,46.779999,46.970001,46.330002,46.540001,41.037075,20988300
1/30/2019,46.68,47.68,46.450001,47.540001,41.918839,26931700
1/31/2019,46.700001,47.18,46.099998,47.119999,41.548496,43051300
2/1/2019,47.060001,49.049999,47.009998,48.73,42.968128,37442900
2/4/2019,48.619999,49.240002,48.240002,49.220001,43.400192,20905000
2/5/2019,49.18,50.720001,49.18,50.009998,44.096779,31641600
2/6/2019,49.950001,50.639999,49.82,49.900002,44.278687,21647800
2/7/2019,49.5,49.849998,48.68,49.23,43.684166,27825900
2/8/2019,48.77,49.02,48.009998,48.84,43.338097,18851200
2/11/2019,49.02,49.32,48.580002,48.77,43.275986,18004100
2/12/2019,49.360001,50.139999,49.27,50.009998,44.376293,18050100
2/13/2019,50.130001,50.810001,50,50.470001,44.784473,17712800
2/14/2019,50.41,51.040001,50.349998,50.810001,45.086166,17545400
2/15/2019,51.25,51.669998,51.09,51.66,45.84042,22520400
2/19/2019,51.349998,51.709999,51.34,51.400002,45.609711,15611800
2/20/2019,51.630001,51.73,51.060001,51.389999,45.600838,21607700
2/21/2019,51.32,51.84,51.209999,51.41,45.618587,16162100
2/22/2019,52.700001,52.98,52.060001,52.490002,46.576916,31934100
2/25/2019,53.060001,53.610001,52.860001,53.099998,47.118202,20711800
2/26/2019,53.009998,53.369999,52.91,53.23,47.233555,16082200
2/27/2019,52.759998,53.380001,52.509998,53.240002,47.242432,17590300
2/28/2019,52.919998,53.18,52.810001,52.959999,46.993961,18388800
3/1/2019,53.439999,53.68,52.889999,53.299999,47.295673,18359300
3/4/2019,53.75,54.099998,53.209999,53.939999,47.863571,21706100
3/5/2019,53.849998,53.990002,53.110001,53.68,47.632858,21057700
3/6/2019,53.630001,53.650002,52.939999,52.950001,46.985096,14740500
3/7/2019,52.77,52.990002,52.360001,52.599998,46.674526,17803000
3/8/2019,51.970001,52.560001,51.700001,52.48,46.568043,16793900
3/11/2019,52.880001,53.650002,52.57,53.349998,47.340038,18963000
3/12/2019,53.34,53.959999,53.18,53.57,47.535252,20782100
3/13/2019,54,54.57,53.650002,54.369999,48.245132,25522300
3/14/2019,54.299999,54.450001,53.330002,53.439999,47.419903,26647100
3/15/2019,53.68,54.689999,53.68,54.330002,48.209637,46512500
3/18/2019,54.419998,54.509998,53.869999,54.099998,48.005543,16274000
3/19/2019,54.470001,54.650002,54,54.169998,48.067657,18274800
3/20/2019,54.060001,54.400002,53.610001,53.82,47.757095,24325300
3/21/2019,53.919998,54.990002,53.84,54.639999,48.484722,19127200
3/22/2019,54.400002,54.619999,53.209999,53.259998,47.260174,21438400
3/25/2019,52.970001,53.549999,52.380001,52.779999,46.834248,16971400
3/26/2019,53.32,53.77,53.040001,53.439999,47.419903,17724300
3/27/2019,53.59,53.860001,52.939999,53.16,47.17144,19656000
3/28/2019,53.25,53.439999,52.77,53.110001,47.127079,13607900
3/29/2019,53.799999,54.040001,53.48,53.700001,47.650604,18736100
4/1/2019,54.34,54.57,54.099998,54.509998,48.369362,17830400
4/2/2019,54.529999,54.799999,54.23,54.360001,48.236259,13704500
4/3/2019,55.029999,55.990002,54.889999,55.48,49.230087,24552800
4/4/2019,55.27,56.139999,55.27,55.919998,49.620514,16520500
4/5/2019,55.75,55.950001,54.869999,55.599998,49.336578,19268400
4/8/2019,55.279999,55.740002,55.200001,55.68,49.407555,11758800
4/9/2019,55.349998,55.43,54.900002,55.32,49.088116,13339700
4/10/2019,55.32,55.860001,55.32,55.75,49.469673,13084000
4/11/2019,55.759998,56.07,55.630001,55.799999,49.514038,10845800
4/12/2019,56.209999,56.490002,55.84,56.419998,50.064194,12910200
4/15/2019,56.459999,56.560001,55.919998,56.279999,49.939964,11676900
4/16/2019,56.66,57.470001,56.07,56.709999,50.321529,30301900
4/17/2019,58.439999,59.59,58.119999,58.560001,51.963131,38788400
4/18/2019,58.709999,58.880001,58.119999,58.490002,51.901016,20464200
4/22/2019,58.150002,58.830002,57.880001,58.82,52.19384,12327500
4/23/2019,58.889999,58.98,58.5,58.779999,52.158333,17739900
4/24/2019,58.52,59.290001,58.139999,58.720001,52.105103,17723700
4/25/2019,58.299999,58.380001,57.23,57.610001,51.12014,27949900
4/26/2019,52.740002,53.09,51.52,52.43,46.523678,72364500
4/29/2019,52.169998,52.43,51,51.110001,45.352375,42142300
4/30/2019,51,51.43,50.869999,51.040001,45.290264,27130900
5/1/2019,51.099998,51.599998,50.740002,50.759998,45.041805,20467600
5/2/2019,50.799999,51.330002,50.119999,50.549999,44.855461,22655400
5/3/2019,51.080002,51.82,50.73,51.75,45.92028,25656600
5/6/2019,50.25,51.279999,50.189999,51.220001,45.728336,26245200
5/7/2019,50.599998,50.880001,49.93,50.48,45.067669,29713400
5/8/2019,50.200001,50.790001,49.07,49.240002,43.960621,36812400
5/9/2019,47.900002,48.290001,46.049999,46.619999,41.621529,59642200
5/10/2019,46.439999,46.799999,45.099998,46.200001,41.246567,42522800
5/13/2019,45.330002,45.639999,44.700001,44.759998,39.960957,39091900
5/14/2019,45.18,45.490002,44.869999,45.169998,40.326988,24706500
5/15/2019,44.919998,45.75,44.759998,45.619999,40.728745,23407900
5/16/2019,45.470001,45.950001,45.419998,45.529999,40.648399,19954700
5/17/2019,45.18,45.73,44.759998,44.889999,40.077011,22500400
5/20/2019,44,44.52,43.450001,43.560001,38.889614,28675000
5/21/2019,44.34,44.779999,44.18,44.459999,39.693123,25543400
5/22/2019,44.150002,44.459999,43.849998,44,39.282433,16932500
5/23/2019,43.369999,44.740002,42.860001,44.529999,39.755615,35783900
5/24/2019,44.59,45.049999,44.490002,44.57,39.791332,27168100
5/28/2019,44.66,44.689999,43.299999,43.57,38.89854,34779900
5/29/2019,43.349998,44.529999,43.330002,44.23,39.487774,28450300
5/30/2019,44.299999,45.029999,44.23,44.73,39.934166,21618900
5/31/2019,44.18,44.970001,43.93,44.040001,39.318153,25532500
6/3/2019,44.25,44.59,43.200001,43.459999,38.800335,31155700
6/4/2019,44.16,44.860001,43.77,44.790001,39.98774,28094900
6/5/2019,45.110001,45.18,44.189999,44.549999,39.773476,20802000
6/6/2019,44.75,45.169998,44.509998,45.099998,40.264503,19076200
6/7/2019,45.25,46.119999,45.099998,46.029999,41.094784,24370300
6/10/2019,46.23,47.189999,46.200001,46.799999,41.782227,20806100
6/11/2019,47.259998,47.32,46.52,46.849998,41.826866,18415500
6/12/2019,46.669998,46.669998,46.25,46.32,41.353699,15900600
6/13/2019,46.599998,46.959999,46.529999,46.700001,41.692963,12267600
6/14/2019,45.830002,46.419998,45.549999,46.189999,41.237637,15381100
6/17/2019,46.139999,46.529999,45.799999,46.130001,41.184067,12643300
6/18/2019,46.75,48,46.599998,47.369999,42.291119,25732300
6/19/2019,47.48,47.580002,47,47.07,42.023285,17436400
6/20/2019,47.869999,48.049999,46.869999,47.189999,42.130417,20126800
6/21/2019,46.950001,47.73,46.799999,47.459999,42.371464,31096300
6/24/2019,47.400002,47.849998,47.169998,47.630001,42.523247,14479900
6/25/2019,47.560001,47.68,46.799999,46.849998,41.826866,16665600
6/26/2019,47.650002,48.48,47.560001,48.189999,43.023193,21886300
6/27/2019,48.150002,48.419998,47.240002,47.459999,42.371464,23062900
6/28/2019,47.77,48.200001,47.68,47.869999,42.737511,26646200
7/1/2019,49.290001,49.450001,47.75,48.049999,42.898209,27423300
7/2/2019,47.91,48.220001,47.689999,48.119999,42.960709,15381600
7/3/2019,48.18,48.560001,48,48.52,43.317818,10739100
7/5/2019,48.029999,48.18,47.439999,48.080002,42.924992,14339200
7/8/2019,47.619999,47.950001,47.07,47.82,42.692871,16564300
7/9/2019,47.360001,47.799999,47.130001,47.75,42.630375,17853200
7/10/2019,47.919998,48.610001,47.900002,48.209999,43.041058,16032300
7/11/2019,48.560001,48.779999,48.310001,48.599998,43.389236,16615100
7/12/2019,49,49.93,48.810001,49.919998,44.567715,20148700
7/15/2019,50,50.25,49.77,50.119999,44.746265,14345100
7/16/2019,49.91,50,48.959999,49.169998,43.898136,17131400
7/17/2019,49.5,49.700001,49.240002,49.389999,44.09454,11928600
7/18/2019,49.279999,49.990002,48.889999,49.939999,44.585564,15671600
7/19/2019,49.959999,50.66,49.91,50.27,44.880188,29141100
7/22/2019,50.009998,51.52,49.889999,51.349998,45.844391,21688000
7/23/2019,52,52,51.299999,51.75,46.201504,18413500
7/24/2019,51.98,52.970001,51.799999,52.919998,47.246063,20896400
7/25/2019,52.509998,52.599998,51.880001,52.16,46.567551,27765400
7/26/2019,52.689999,53.5,51.529999,51.59,46.058655,36401500
7/29/2019,51.529999,52.560001,50.779999,52.509998,46.880016,21897500
7/30/2019,51.709999,52.310001,51.560001,51.700001,46.156868,16487700
7/31/2019,51.509998,51.720001,50.049999,50.549999,45.130173,24169800
8/1/2019,50.52,51.889999,49.470001,49.5,44.192749,34020800
8/2/2019,49.09,49.360001,48.5,48.68,43.460667,27881600
8/5/2019,47.759998,47.959999,46.57,46.970001,41.93401,38936600
8/6/2019,47.150002,47.560001,46.77,46.959999,42.208145,26119600
8/7/2019,46.299999,46.880001,45.970001,46.73,42.001415,29440400
8/8/2019,46.16,47.369999,45.91,47.169998,42.396893,30643700
8/9/2019,46.939999,47,45.779999,45.98,41.327309,24975500
8/12/2019,45.759998,46.07,45.439999,45.599998,40.98576,18494300
8/13/2019,45.490002,47.049999,45.360001,46.84,42.100285,28959500
8/14/2019,46.060001,46.630001,45.650002,45.869999,41.228443,25650200
8/15/2019,46.099998,46.18,45.439999,45.700001,41.075642,21896000
8/16/2019,46.34,46.68,46.060001,46.5,41.794689,22701800
8/19/2019,47.459999,47.599998,47.040001,47.23,42.450817,21403600
8/20/2019,47.029999,47.119999,46.459999,46.599998,41.884563,23113300
8/21/2019,47.110001,47.290001,46.889999,47.150002,42.378918,15915000
8/22/2019,47.279999,47.43,46.689999,46.779999,42.04636,19783000
8/23/2019,46.349998,46.630001,44.799999,44.959999,40.410519,32814000
8/26/2019,45.82,45.82,45.25,45.560001,40.949806,22080500
8/27/2019,45.869999,46.119999,45.5,45.790001,41.156532,16925500
8/28/2019,45.700001,45.91,45.369999,45.790001,41.156532,14888800
8/29/2019,46.459999,47.220001,46.400002,46.869999,42.127247,17803800
8/30/2019,47.240002,47.790001,47.16,47.41,42.61261,16922600
9/3/2019,47.119999,47.220001,46.5,46.98,42.22612,15003800
9/4/2019,47.560001,48.950001,47.540001,48.919998,43.969814,23450700
9/5/2019,49.93,51.169998,49.869999,50.099998,45.030403,30014200
9/6/2019,50.25,50.990002,50.07,50.919998,45.767429,17067900
9/9/2019,51.060001,52.029999,51.02,51.59,46.369637,20749700
9/10/2019,51.330002,51.84,50.830002,51.82,46.576366,18532000
9/11/2019,51.599998,52.790001,51.380001,52.790001,47.448212,18968900
9/12/2019,53,53.330002,52.07,53.009998,47.64595,23308700
9/13/2019,52.759998,53,52.23,52.540001,47.223507,18010800
9/16/2019,51.900002,52.290001,51.700001,52.200001,46.917908,13354600
9/17/2019,52.049999,52.139999,51.349998,51.950001,46.693207,19641100
9/18/2019,52.130001,52.130001,51.16,51.740002,46.504463,14906800
9/19/2019,51.700001,51.990002,51.5,51.57,46.351662,11428400
9/20/2019,51.599998,51.880001,50.560001,50.720001,45.587681,37067900
9/23/2019,50.830002,51.23,50.389999,50.900002,45.749451,18916600
9/24/2019,51.099998,51.18,49.639999,49.82,44.778744,28197400
9/25/2019,49.75,51.209999,49.419998,51.02,45.857319,19486700
9/26/2019,50.98,51.150002,50.34,50.919998,45.767429,11351800
9/27/2019,50.630001,51.220001,50.34,50.779999,45.641598,14845700
9/30/2019,51.189999,51.599998,50.939999,51.529999,46.315704,13652100
10/1/2019,51.970001,52.240002,50.43,50.759998,45.623619,18413100
10/2/2019,50.310001,50.369999,48.98,49.389999,44.39225,20078700
10/3/2019,49.5,50.07,48.529999,50.029999,44.967487,16320100
10/4/2019,50.349998,50.970001,50.029999,50.919998,45.767429,12644900
10/7/2019,50.700001,51.23,50.560001,50.619999,45.497784,12081400
10/8/2019,50.16,50.48,49.610001,49.73,44.697842,17409100
10/9/2019,50.470001,50.790001,50.150002,50.48,45.371952,11834900
10/10/2019,50.41,51.779999,50.400002,51.110001,45.93821,13907900
10/11/2019,52,52.790001,51.82,52.09,46.819046,24072500
10/14/2019,51.900002,51.950001,51.439999,51.639999,46.414574,15016800
10/15/2019,51.93,53.07,51.830002,52.650002,47.322376,18878100
10/16/2019,52.349998,52.560001,52.119999,52.450001,47.142612,14769300
10/17/2019,52.639999,52.84,51.380001,51.860001,46.612312,16533900
10/18/2019,51.75,51.82,51.029999,51.360001,46.16291,16974100
10/21/2019,51.52,52.169998,51.34,52.130001,46.855,12189000
10/22/2019,51.900002,52.32,51.889999,52.009998,46.747139,13114300
10/23/2019,51.369999,51.959999,51.200001,51.720001,46.486485,15887500
10/24/2019,52.09,52.43,51.43,52.23,46.944874,23413000
10/25/2019,54.189999,56.610001,53.919998,56.459999,50.746841,59767700
10/28/2019,56.380001,56.810001,56.060001,56.759998,51.016491,32307500
10/29/2019,56.369999,57.240002,56.240002,56.34,50.638981,18155800
10/30/2019,56.32,56.630001,55.619999,56.599998,50.872673,15248000
10/31/2019,56.330002,56.599998,55.619999,56.529999,50.809765,19249700
11/1/2019,55.939999,56.650002,55.619999,56.509998,50.791782,17953500
11/4/2019,56.93,57.799999,56.849998,57.610001,51.780479,19068000
11/5/2019,57.470001,58.349998,57.209999,57.549999,51.726547,20865400
11/6/2019,57.490002,57.709999,56.98,57.599998,52.056412,17721000
11/7/2019,58,58.549999,57.860001,58.049999,52.463104,16962800
11/8/2019,57.849998,58.299999,57.310001,58.27,52.661934,11888900
11/11/2019,57.970001,58.5,57.900002,58.349998,52.73423,11228900
11/12/2019,58.400002,58.799999,58.029999,58.200001,52.598679,11952500
11/13/2019,57.869999,57.970001,57.349998,57.889999,52.318504,15332700
11/14/2019,57.610001,58.040001,57.57,57.810001,52.246208,12119000
11/15/2019,58.169998,58.700001,57.619999,57.959999,52.381767,16112100
11/18/2019,57.700001,58.48,57.57,58.25,52.64386,16097500
11/19/2019,58.48,58.650002,57.75,58.349998,52.73423,17061900
11/20/2019,58.259998,58.360001,57.369999,57.900002,52.327545,18542300
11/21/2019,57.490002,58.299999,57.41,58.220001,52.616749,16139000
11/22/2019,58.34,58.650002,57.490002,57.610001,52.065456,15690200
11/25/2019,58,58.84,58,58.810001,53.149967,15011700
11/26/2019,58.950001,59.130001,58.450001,58.900002,53.231308,22338700
11/27/2019,58.529999,58.59,57.91,58.509998,52.878841,18184200
11/29/2019,58.150002,58.299999,57.790001,58.049999,52.463104,9481100
12/2/2019,58.549999,58.689999,57.470001,57.66,52.110638,19154500
12/3/2019,56.860001,56.860001,55.75,56.07,50.673668,25737400
12/4/2019,56.66,56.66,55.860001,56.02,50.628475,18881400
12/5/2019,56.41,56.41,55.759998,56.080002,50.682705,17673700
12/6/2019,56.66,56.990002,56.419998,56.810001,51.342445,16476800
12/9/2019,56.540001,56.959999,56.5,56.529999,51.089401,14298600
12/10/2019,56.709999,56.830002,56.439999,56.59,51.143623,16157900
12/11/2019,56.91,57.169998,56.580002,57.07,51.577431,20051100
12/12/2019,56.75,58.049999,56.610001,57.549999,52.01123,27883300
12/13/2019,57.549999,58.34,57.380001,57.790001,52.228134,22795200
12/16/2019,58.209999,58.57,57.650002,57.700001,52.14679,19131200
12/17/2019,58,58.099998,57.130001,57.299999,51.78529,21653100
12/18/2019,57.389999,57.459999,56.939999,57.169998,51.667801,28261000
12/19/2019,57.169998,57.990002,56.970001,57.959999,52.381767,18865100
12/20/2019,58.32,59.049999,57.889999,58.950001,53.276489,49953000
12/23/2019,59.060001,59.779999,59.040001,59.23,53.529541,23593000
12/24/2019,59.25,59.48,59.16,59.41,53.692223,6313200
12/26/2019,59.41,59.849998,59.349998,59.82,54.062756,11480300
12/27/2019,59.91,60.48,59.900002,60.080002,54.297733,14085800
12/30/2019,59.990002,60.049999,59.380001,59.619999,53.882008,12750500
12/31/2019,59.619999,59.93,59.360001,59.849998,54.08987,14432900
1/2/2020,60.240002,60.970001,60.220001,60.84,54.984589,18056000
1/3/2020,59.810001,60.700001,59.810001,60.099998,54.315807,15293900
1/6/2020,59.59,60.200001,59.330002,59.93,54.162174,17755200
1/7/2020,59.779999,59.799999,58.889999,58.93,53.258411,21876100
1/8/2020,58.889999,59.32,58.52,58.970001,53.294567,23133500
1/9/2020,59.049999,59.509998,58.830002,59.299999,53.592804,18813300
1/10/2020,59.57,60.080002,58.869999,58.939999,53.267448,15200600
1/13/2020,59.169998,59.779999,59.080002,59.59,53.854897,16453300
1/14/2020,59.490002,59.740002,59.189999,59.43,53.710289,17051200
1/15/2020,59.299999,59.650002,58.75,58.939999,53.267448,18498800
1/16/2020,59.259998,59.84,59.07,59.66,53.918159,21365500
1/17/2020,59.98,60,59.240002,59.599998,53.863918,21803400
1/21/2020,59.810001,61.25,59.790001,60.549999,54.722496,28358500
1/22/2020,61.040001,62.849998,60.970001,62.73,56.692692,29475100
1/23/2020,62.860001,63.709999,62.810001,63.32,57.22591,42778700
1/24/2020,66.57,69.290001,66.459999,68.470001,61.88026,84711000
1/27/2020,66.720001,67.419998,65.599998,65.690002,59.367817,30764000
1/28/2020,66.5,67.580002,65.940002,67.309998,60.831886,30915400
1/29/2020,67.629997,68.059998,66.169998,66.330002,59.94622,18055800
1/30/2020,65.639999,66.5,64.93,66.470001,60.072739,18522400
1/31/2020,65.800003,65.980003,63.669998,63.93,57.777206,25268400
2/3/2020,64.459999,65.040001,64.300003,64.419998,58.220043,16646600
2/4/2020,65.769997,66.059998,64.919998,65.459999,59.159946,20970800
2/5/2020,66.690002,67.599998,66.129997,67.339996,60.859009,23401400
2/6/2020,67.300003,67.400002,66.769997,67.089996,60.93166,17408000
2/7/2020,66.860001,67.300003,66.010002,66.019997,59.959888,18134600
2/10/2020,65.559998,66.400002,65.440002,66.389999,60.295925,22299300
2/11/2020,66.830002,67.709999,66.57,67.410004,61.222305,17975600
2/12/2020,67.599998,68.089996,67.309998,67.459999,61.267708,15586600
2/13/2020,66.989998,67.650002,66.739998,67.440002,61.249542,11602700
2/14/2020,67.519997,67.860001,66.82,67.269997,61.095142,13405500
2/18/2020,66.660004,66.690002,65.879997,66.139999,60.068863,12758400
2/19/2020,66.389999,67.199997,66.18,67.110001,60.949833,13551200
2/20/2020,67.040001,67.290001,64.559998,65.449997,59.442211,26452600
2/21/2020,65.18,65.25,64.040001,64.339996,58.43409,20775900
2/24/2020,61.610001,62.77,61.32,61.759998,56.090919,26903100
2/25/2020,61.990002,62.279999,59.459999,59.73,54.247253,34495700
2/26/2020,60.110001,60.82,59.27,59.650002,54.17461,26190100
2/27/2020,57.93,58.509998,55.799999,55.830002,50.70525,42226900
2/28/2020,54.299999,56.380001,53.599998,55.52,50.42371,60721700
3/2/2020,55.790001,58.220001,54.52,58.18,52.839542,43140300
3/3/2020,58.029999,59.02,55.400002,55.970001,50.832397,49740300
3/4/2020,57.009998,58.709999,56.16,58.68,53.293648,29223100
3/5/2020,57.060001,58.66,56.610001,56.959999,51.731525,29099200
3/6/2020,55.18,56.009998,54.540001,55.77,50.650757,36259200
3/9/2020,51.919998,52.709999,50,50.849998,46.182373,56197000
3/10/2020,52.759998,54,50.43,53.98,49.025066,36569000
3/11/2020,52.389999,53.540001,51.009998,51.66,46.918022,38563500
3/12/2020,47.990002,50.09,45.369999,45.540001,41.359791,50661700
3/13/2020,48.259998,55,47.740002,54.43,49.433754,48805100
3/16/2020,47.509998,52.25,43.630001,44.610001,40.51516,53878900
3/17/2020,45.759998,51.630001,45.200001,50.080002,45.483051,52085200
3/18/2020,46.709999,50.049999,45.200001,47.610001,43.239777,49309900
3/19/2020,47.84,49.23,45.16,45.939999,41.723068,44538000
3/20/2020,46.509998,49.419998,45.470001,45.830002,41.623169,52344000
3/23/2020,46.02,50.490002,45.91,49.580002,45.02895,46698500
3/24/2020,53.139999,54.639999,51.349998,52.400002,47.590096,50019800
3/25/2020,52.48,53.790001,49.91,51.259998,46.554737,41106100
3/26/2020,51.740002,55.950001,51.66,55.540001,50.441868,41459800
3/27/2020,53.419998,54.639999,52.07,52.369999,47.562851,31633500
3/30/2020,52.990002,56.099998,52.830002,55.490002,50.396461,31628600
3/31/2020,55.060001,55.799999,53.220001,54.119999,49.152218,48074700
4/1/2020,52.5,54.689999,51.43,51.880001,47.117821,29586600
4/2/2020,51.290001,54.560001,51.220001,54.349998,49.361099,27810000
4/3/2020,53.849998,55.130001,52.73,54.130001,49.161297,23906100
4/6/2020,56.630001,58.77,56.119999,58.43,53.066593,32323400
4/7/2020,59.939999,61.490002,58.209999,58.400002,53.039341,41410000
4/8/2020,58.990002,59.509998,57.91,58.98,53.566093,26719500
4/9/2020,59.360001,59.720001,56.060001,57.139999,51.895,40499700
4/13/2020,56.57,58.77,56.57,58.700001,53.311806,23251900
4/14/2020,60.040001,60.900002,59.509998,60.66,55.091892,25674000
4/15/2020,59.740002,59.830002,58.389999,58.869999,53.466198,22841600
4/16/2020,59.610001,60.959999,58.810001,60.790001,55.209957,24433500
4/17/2020,62.02,62.130001,59.830002,60.360001,54.819427,27385600
4/20/2020,59.279999,60.040001,58.889999,59.18,53.747742,26420300
4/21/2020,58.110001,58.599998,55.93,56.360001,51.1866,25248000
4/22/2020,58.27,60.5,57.810001,60.099998,54.583298,23350400
4/23/2020,59.669998,60.099998,58.810001,59.040001,53.620594,35092000
4/24/2020,56.200001,59.400002,56.099998,59.259998,53.8204,50187000
4/27/2020,59.720001,59.830002,58.389999,59.470001,54.011135,25902200
4/28/2020,59.990002,60.220001,58.259998,58.75,53.357216,28784700
4/29/2020,59.439999,62.029999,59.32,61.799999,56.127247,30451500
4/30/2020,61.369999,61.540001,59.75,59.98,54.474316,26279900
5/1/2020,58.830002,59.32,57.310001,57.470001,52.194714,21194800
5/4/2020,57.119999,58.07,56.310001,57.990002,52.666981,18957200
5/5/2020,58.790001,59.299999,58.349998,58.75,53.357216,17252100
5/6/2020,59.040001,59.950001,58.939999,59.18,54.051346,17848700
5/7/2020,59.93,60.099998,58.919998,59.169998,54.042221,14733500
5/8/2020,59.669998,59.779999,59.049999,59.669998,54.498894,20384500
5/11/2020,59.740002,60.84,59.709999,60.130001,54.919025,18684400
5/12/2020,60.220001,60.639999,58.259998,58.389999,53.329815,16754900
5/13/2020,58.450001,59.23,56.900002,57.740002,52.736145,21065000
5/14/2020,57.32,59.150002,56.099998,59.080002,53.960018,21569400
5/15/2020,57.400002,58.369999,56.959999,58.279999,53.229347,21373300
5/18/2020,59.740002,60.279999,59.360001,59.919998,54.727226,20428700
5/19/2020,60.130001,61.77,59.849998,60.290001,55.065155,21865000
5/20/2020,61.16,63.490002,61.02,63.099998,57.631634,30584000
5/21/2020,63.099998,63.799999,61.82,61.98,56.6087,20987700
5/22/2020,61.98,62.32,61.419998,62.259998,56.864433,14103000
5/26/2020,63.68,64.139999,62.119999,62.34,56.937496,20933600
5/27/2020,62.32,63.59,61.07,63.560001,58.051777,19886300
5/28/2020,63,63.450001,61.490002,61.700001,56.35297,17253500
5/29/2020,61.900002,63.66,61.619999,62.93,57.476368,33393900
6/1/2020,62.490002,62.66,61.66,61.860001,56.499104,14317700
6/2/2020,61.700001,62.169998,60.830002,62.119999,56.736565,20702400
6/3/2020,62.450001,62.540001,61.529999,61.93,56.56303,16737300
6/4/2020,61.740002,63.470001,61.34,62.970001,57.512905,22010100
6/5/2020,63.360001,65.110001,63.16,64.339996,58.764172,26813100
6/8/2020,63.970001,64.150002,62.939999,63.669998,58.152241,21546200
6/9/2020,62.990002,63.709999,62.900002,63.040001,57.576843,23594100
6/10/2020,62.790001,64.290001,62.75,63.869999,58.334908,21367800
6/11/2020,63.07,63.299999,59.52,59.700001,54.526291,26998200
6/12/2020,60.110001,60.959999,58.119999,59.330002,54.188354,30419800
6/15/2020,59.330002,60.360001,58.580002,60.099998,54.891621,29651700
6/16/2020,61.490002,61.650002,59.490002,60.400002,55.165627,23226600
6/17/2020,60.740002,61.279999,60.060001,60.490002,55.247829,20454800
6/18/2020,60.349998,60.509998,59.32,60.080002,54.873363,24899700
6/19/2020,60.650002,60.889999,59.099998,59.619999,54.453224,60336100
6/22/2020,59.73,60.549999,58.830002,60.09,54.882492,22846000
6/23/2020,60.189999,60.470001,59.860001,59.919998,54.727226,22809600
6/24/2020,59.639999,59.810001,58.669998,59.09,53.969154,27764500
6/25/2020,58.98,59.09,57.48,58.509998,53.439415,21906900
6/26/2020,58.490002,58.73,57.07,57.5,52.516945,38477500
6/29/2020,57.470001,58.349998,56.759998,58.27,53.220215,22150300
6/30/2020,58.709999,59.98,58.540001,59.830002,54.645016,31542100
7/1/2020,59.91,60.029999,58.759998,58.810001,53.713421,14748100
7/2/2020,59.189999,59.810001,58.970001,59.130001,54.005684,15578600
7/6/2020,58.720001,59.619999,58.599998,59.540001,54.380154,20536700
7/7/2020,59.07,59.57,58.139999,58.310001,53.256752,15996500
7/8/2020,58.450001,58.700001,57.93,58.610001,53.530754,13277900
7/9/2020,58.200001,58.75,57.700001,58.419998,53.357216,20683700
7/10/2020,57.950001,59.689999,57.830002,59.529999,54.371017,17742300
7/13/2020,59.84,60.619999,58.389999,58.580002,53.503353,19082900
7/14/2020,57.869999,59.25,57.349998,58.98,53.868679,24190900
7/15/2020,59.029999,59.34,58.419998,59.029999,53.914349,19986300
7/16/2020,58.540001,59.360001,58.400002,59.139999,54.014824,12425900
7/17/2020,59.419998,60.459999,59.279999,60,54.800289,16322800
7/20/2020,60.080002,61.380001,59.34,61.150002,55.850632,16868700
7/21/2020,61.52,61.93,60.439999,60.700001,55.439625,19803700
7/22/2020,61.310001,61.77,60.619999,61.049999,55.759296,18959900
7/23/2020,61.259998,61.740002,59.98,60.400002,55.165627,43518600
7/24/2020,52.150002,52.18,49.5,50.59,46.205772,182269900
7/27/2020,51.029999,51.139999,49.470001,49.57,45.274174,107526500
7/28/2020,49.48,50.23,49.139999,49.240002,44.972778,62362600
7/29/2020,49.490002,49.5,47.900002,48.07,43.904167,60500800
7/30/2020,47.830002,48.5,47.59,47.990002,43.8311,39735200
7/31/2020,48.130001,48.32,46.970001,47.73,43.593632,46536000
8/3/2020,48.27,48.630001,47.740002,48.299999,44.114231,31767100
8/4/2020,48.599998,49.139999,48.5,49.130001,44.872311,29045800
8/5/2020,49.720001,49.720001,48.66,48.919998,44.680496,29438600
8/6/2020,48.790001,48.82,48.099998,48.57,44.662109,23795500
8/7/2020,48.529999,48.650002,47.700001,48.029999,44.165558,36765200
8/10/2020,48.200001,49.389999,48.060001,49.220001,45.259815,37442600
8/11/2020,49.630001,49.73,48.060001,48.189999,44.312683,35348100
8/12/2020,48.669998,49.259998,48.240002,49.189999,45.232224,30659800
8/13/2020,49.259998,49.330002,48.389999,48.560001,44.652924,24774500
8/14/2020,48.73,49.209999,48.650002,48.889999,44.95636,22321200
8/17/2020,49.110001,49.310001,48.73,48.93,44.993145,20018300
8/18/2020,49.259998,49.57,48.619999,48.650002,44.735676,19251400
8/19/2020,48.790001,48.98,48.25,48.330002,44.441422,27775000
8/20/2020,49.810001,50.200001,49,49.169998,45.21384,55081300
8/21/2020,49.02,49.310001,48.650002,49.279999,45.314987,34621500
8/24/2020,49.259998,49.400002,48.82,49.139999,45.186249,36295300
8/25/2020,49.349998,49.880001,49.209999,49.43,45.452923,38384300
8/26/2020,49.389999,49.669998,49.23,49.549999,45.563255,28616600
8/27/2020,49.790001,49.93,49.169998,49.400002,45.425327,24420600
8/28/2020,49.57,50.799999,49.459999,50.43,46.372456,35384700
8/31/2020,51,51.5,50.32,50.950001,46.850624,46114100
9/1/2020,50.91,51,50.220001,50.790001,46.703491,30472800
9/2/2020,51.209999,52.68,51.09,52.25,48.046021,53000700
9/3/2020,52.5,52.619999,50.139999,50.389999,46.335674,47394300
9/4/2020,50.529999,51.23,49.490002,50.080002,46.050617,43318400
9/8/2020,49.259998,49.900002,48.849998,48.91,44.974758,39752700
9/9/2020,49.529999,49.970001,49.040001,49.619999,45.627632,33437300
9/10/2020,50,50.09,48.709999,48.959999,45.020737,32649100
9/11/2020,49.259998,50.049999,48.950001,49.279999,45.314987,29333600
9/14/2020,48.849998,49.720001,48.849998,49.41,45.434532,27212500
9/15/2020,49.790001,50.599998,49.73,50,45.977055,27598300
9/16/2020,50.509998,51.029999,50.169998,50.369999,46.317287,26531400
9/17/2020,49.369999,50.490002,49.299999,50.32,46.271309,26959900
9/18/2020,50.330002,50.5,49.040001,49.889999,45.8759,50123500
9/21/2020,49.389999,49.75,48.830002,49.720001,45.719582,27377100
9/22/2020,49.889999,50.209999,49.470001,49.950001,45.931076,22290900
9/23/2020,49.830002,50.150002,48.66,48.82,44.891998,30078800
9/24/2020,48.529999,49.639999,48.419998,49.16,45.204647,29343400
9/25/2020,48.959999,50.279999,48.75,49.939999,45.921879,26633400
9/28/2020,50.509998,51.459999,50.16,51.43,47.292004,29652200
9/29/2020,51.310001,51.740002,50.950001,51.189999,47.071308,19558200
9/30/2020,51.240002,52.380001,51.150002,51.779999,47.613834,27711300
10/1/2020,52.400002,52.720001,51.990002,52.240002,48.036827,22127600
10/2/2020,51.5,51.98,50.990002,51.009998,46.905788,25811800
10/5/2020,51.299999,51.810001,51.27,51.689999,47.531086,20883200
10/6/2020,51.709999,52.700001,51.23,51.369999,47.236824,25642800
10/7/2020,51.849998,52.900002,51.790001,52.669998,48.432232,21978700
10/8/2020,52.91,53.580002,52.669998,53.369999,49.075912,22369500
10/9/2020,53.549999,53.849998,52.669998,52.82,48.570168,24343900
10/12/2020,53.549999,54.200001,53.209999,53.880001,49.544876,27303500
10/13/2020,54.27,54.290001,53.619999,53.830002,49.498894,20005800
10/14/2020,54.009998,54.400002,53.509998,53.549999,49.241432,21874200
10/15/2020,52.75,53.98,52.619999,53.849998,49.517284,18272900
10/16/2020,53.900002,54.700001,53.900002,54.16,49.802353,23414400
10/19/2020,54.470001,56.23,53.84,54.580002,50.188549,43537200
10/20/2020,54.599998,54.700001,53.27,53.43,49.131077,27224900
10/21/2020,53.139999,54.07,52.82,53.5,49.19545,21866000
10/22/2020,53.119999,54.220001,53.07,53.900002,49.563267,41522700
10/23/2020,48.349998,48.669998,47.66,48.200001,44.321884,97322500
10/26/2020,47.849998,47.860001,46.25,46.720001,42.96096,54161300
10/27/2020,45.98,46.41,45.360001,45.639999,41.967857,50130500
10/28/2020,44.889999,45.290001,44.200001,44.25,40.689697,45066000
10/29/2020,44.240002,44.470001,43.919998,44.110001,40.560963,36796800
10/30/2020,44.099998,44.799999,43.610001,44.279999,40.717278,46781300
11/2/2020,44.959999,45.060001,44.240002,44.459999,40.882801,33856700
11/3/2020,44.73,45.459999,44.700001,44.849998,41.241421,34349500
11/4/2020,45.110001,46.150002,44.779999,45.700001,42.023029,34748200
11/5/2020,46.150002,46.380001,45.529999,45.68,42.310162,31103200
11/6/2020,45.540001,45.799999,44.900002,45.389999,42.041553,36233700
11/9/2020,46.639999,47.349998,45.540001,45.599998,42.236065,48481700
11/10/2020,45.400002,46.48,45.25,45.439999,42.087864,39224500
11/11/2020,45.900002,46.459999,45.860001,46.349998,42.930729,31496900
11/12/2020,46.130001,46.189999,44.549999,44.950001,41.634014,42881300
11/13/2020,44.990002,45.580002,44.970001,45.459999,42.106384,30884700
11/16/2020,46.040001,46.75,45.790001,46.189999,42.782536,36306300
11/17/2020,45.75,46.119999,45.41,45.529999,42.171223,31118000
11/18/2020,45.549999,45.689999,45.040001,45.060001,41.735901,32817900
11/19/2020,44.919998,45.669998,44.700001,45.619999,42.254589,29469100
11/20/2020,45.66,45.880001,45.330002,45.389999,42.041553,24199300
11/23/2020,45.48,46.209999,45.450001,46.060001,42.662132,35489600
11/24/2020,46.290001,47.299999,46.009998,47.009998,43.542042,33901200
11/25/2020,47.029999,47.18,46.57,47.049999,43.579102,28126900
11/27/2020,47.360001,48.099998,47.360001,47.450001,43.949589,15921400
11/30/2020,47.419998,48.5,47.27,48.349998,44.783188,46332700
12/1/2020,48.75,50.23,48.709999,49.560001,45.903934,57768000
12/2/2020,49.220001,50.060001,49.18,49.900002,46.218845,33753500
12/3/2020,49.919998,51.110001,49.779999,50.990002,47.228439,50261200
12/4/2020,51.060001,52.650002,51,51.990002,48.154671,39767700
12/7/2020,51,51.290001,49.560001,50.200001,46.496719,51040300
12/8/2020,49.830002,50.720001,49.810001,50.689999,46.950569,28956500
12/9/2020,50.279999,50.84,49.73,50.07,46.376305,34068400
12/10/2020,49.66,50.720001,49.59,50.259998,46.552288,33706000
12/11/2020,50.139999,50.139999,49.119999,49.73,46.06139,29398800
12/14/2020,49.82,51.34,49.740002,50.470001,46.746796,33436400
12/15/2020,50.98,51.009998,50.209999,50.669998,46.932037,25465600
12/16/2020,50.709999,51.459999,50.68,51.119999,47.348846,28351000
12/17/2020,51.150002,51.32,50.220001,50.650002,46.913521,26399000
12/18/2020,50.57,50.68,47.110001,47.459999,43.958847,119298400
12/21/2020,46.32,46.450001,45.240002,46.360001,42.939999,53775700
12/22/2020,46.25,46.34,45.77,46.169998,42.764008,32171200
12/23/2020,46.169998,47.029999,46.07,46.57,43.13451,22564200
12/24/2020,46.599998,47.09,46.34,47.07,43.597618,11865600
12/28/2020,47.189999,47.639999,46.860001,47.07,43.597618,21269200
12/29/2020,47.220001,50.669998,46.490002,49.389999,45.746468,84531400
12/30/2020,49.110001,49.189999,48.560001,48.75,45.153679,37385400
12/31/2020,48.75,50.189999,48.720001,49.82,46.144753,28576800
1/4/2021,49.889999,51.389999,49.400002,49.669998,46.00581,46102500
1/5/2021,49.450001,50.830002,49.330002,50.610001,46.876472,24866600
1/6/2021,50.439999,52.150002,50.200001,51.099998,47.330322,36809600
1/7/2021,51.490002,52.689999,51.299999,52.189999,48.339909,32092300
1/8/2021,52.450001,52.529999,51.27,51.650002,47.839752,34625400
1/11/2021,51.290001,52.240002,51.25,51.540001,47.737862,32925000
1/12/2021,51.900002,53.849998,51.560001,53.240002,49.312454,39883900
1/13/2021,59.5,60.25,56.900002,56.950001,52.748768,124070700
1/14/2021,58.450001,60.139999,57.84,59.25,54.879097,74680900
1/15/2021,58.849998,59.650002,57.5,57.580002,53.332279,50265400
1/19/2021,57.939999,58.34,57.099998,57.990002,53.712048,35647100
1/20/2021,58.240002,59.220001,58.09,58.669998,54.341881,28701300
1/21/2021,59.040001,63.950001,58.220001,62.459999,57.852287,86519500
1/22/2021,58.849998,59.619999,56.650002,56.66,52.48016,85729300
1/25/2021,56.380001,56.5,54.060001,55.439999,51.350159,61968500
1/26/2021,55.279999,56.200001,54.849998,55.209999,51.137127,31485900
1/27/2021,54.610001,54.849998,53.299999,53.59,49.636635,49722900
1/28/2021,54.790001,57.400002,54.700001,56.07,51.933685,49202600
1/29/2021,55.98,57.16,55.360001,55.509998,51.414989,37256200
2/1/2021,55.950001,57.389999,55.709999,56.689999,52.507946,26926600
2/2/2021,57.189999,58.279999,56.880001,58,53.72131,23580900
2/3/2021,57.889999,58.330002,57.380001,57.68,53.424911,21893200
2/4/2021,57.610001,58.880001,57.189999,58.790001,54.783546,29853800
2/5/2021,59,59.080002,58.119999,58.18,54.215118,23432600
2/8/2021,58.380001,59.220001,57.950001,59.16,55.128342,34358300
2/9/2021,58.77,59.310001,57.939999,58.779999,54.774227,28754100
2/10/2021,59.299999,59.419998,58.119999,58.860001,54.848782,16325100
2/11/2021,59.099998,60.990002,58.860001,60.66,56.526115,27539100
2/12/2021,60.599998,62.509998,60.43,61.810001,57.597748,26214200
2/16/2021,62,62.869999,61.700001,62.470001,58.212765,26326300
2/17/2021,61.490002,62.189999,61.209999,61.849998,57.635021,21055400
2/18/2021,60.650002,61.98,60.639999,61.610001,57.411377,17846100
2/19/2021,61.91,63.259998,61.849998,63.009998,58.715969,28290100
2/22/2021,61.880001,62.700001,60.66,60.709999,56.572704,32288200
2/23/2021,60.48,61.5,59.169998,61.119999,56.954769,27374600
2/24/2021,60.529999,63.279999,60.380001,63.189999,58.883698,24669900
2/25/2021,62.41,63.540001,60.130001,60.400002,56.283833,36394000
2/26/2021,60.889999,61.689999,59.68,60.779999,56.637936,38216800
3/1/2021,61.720001,63.080002,61.650002,62.880001,58.594826,28495400
3/2/2021,62.799999,63.139999,61.110001,61.240002,57.066589,23320000
3/3/2021,60.639999,61.52,59.700001,59.900002,55.817909,28740400
3/4/2021,59.830002,60.240002,57.91,58.330002,54.3549,40210400
3/5/2021,59.259998,61.18,58.509998,60.740002,56.600662,39511700
3/8/2021,60.470001,61.700001,59.720001,59.849998,55.771313,33112400
3/9/2021,61.18,63.169998,60.84,62.669998,58.399136,36387500
3/10/2021,63.220001,64.120003,62.130001,62.25,58.007763,27160300
3/11/2021,62.939999,64.089996,62.389999,63.310001,58.995522,30701800
3/12/2021,62.650002,63.299999,62.240002,62.900002,58.613464,20173000
3/15/2021,63.610001,63.880001,62.48,63.790001,59.44281,21247400
3/16/2021,64.150002,65.730003,64.080002,64.779999,60.365337,30186600
3/17/2021,64.220001,66.290001,63.709999,65.779999,61.297192,32394700
3/18/2021,65.629997,65.699997,63.650002,63.73,59.386894,30094200
3/19/2021,63.18,64.989998,62.919998,63.759998,59.414852,54951700
3/22/2021,64.82,66.379997,64.559998,65.629997,61.157417,34380100
3/23/2021,66,66.050003,63.169998,63.48,59.153934,35160000
3/24/2021,66.580002,67.440002,61.990002,62.040001,57.812073,74584700
3/25/2021,61.66,62.439999,60.98,62.02,57.793434,35401400
3/26/2021,61.799999,64.970001,61.77,64.870003,60.449207,34705800
3/29/2021,64.010002,65.129997,63.610001,64.5,60.104424,26161600
3/30/2021,63.77,64,63.150002,63.77,59.424171,20709500
3/31/2021,64.010002,64.489998,63.580002,64,59.638496,33013200
4/1/2021,64.720001,64.889999,63.580002,64.550003,60.15102,31416300
4/5/2021,64.949997,66.739998,64.699997,66.540001,62.005409,27947500
4/6/2021,66.059998,66.580002,65.290001,65.559998,61.092182,28771400
4/7/2021,65.669998,66.57,65.360001,66.25,61.735165,17793300
4/8/2021,66.970001,67.290001,66.360001,67.050003,62.480648,22224200
4/9/2021,66.800003,68.400002,66.629997,68.260002,63.608189,27177100
4/12/2021,68.199997,68.489998,64.709999,65.410004,60.952415,51266900
4/13/2021,65.610001,65.629997,64.209999,65.220001,60.775364,26822000
4/14/2021,65.309998,65.379997,63.84,64.190002,59.815552,25768400
4/15/2021,63.970001,65.220001,63.68,65.019997,60.588985,24927700
4/16/2021,65.330002,65.519997,64.57,64.75,60.337387,24625500
4/19/2021,64.699997,64.739998,63.07,63.630001,59.293716,23997700
4/20/2021,63.639999,63.759998,62.41,62.700001,58.42709,19872100
4/21/2021,62.790001,63.779999,62.299999,63.700001,59.358944,24364200
4/22/2021,63.349998,63.91,62.279999,62.57,58.30595,38257600
4/23/2021,59.16,60,57.900002,59.240002,55.202888,77479500
4/26/2021,59.099998,59.52,58.459999,58.759998,54.755592,39645900
4/27/2021,58.560001,58.630001,57.77,57.970001,54.019436,38167700
4/28/2021,57.52,58.16,57.150002,57.619999,53.693287,30387400
4/29/2021,57.880001,58.299999,57.470001,58.279999,54.308304,23290600
4/30/2021,57.610001,58.43,57.07,57.529999,53.609417,30731800
5/3/2021,57.860001,57.880001,56.84,57.259998,53.357822,22281700
5/4/2021,56.880001,56.98,55.810001,56.900002,53.02235,35323600
5/5/2021,56.959999,57.299999,56.459999,56.849998,52.975758,21001900
5/6/2021,56.619999,57.25,56.25,57.189999,53.620819,25529300
5/7/2021,57.700001,58.009998,57.240002,57.669998,54.070873,19959000
5/10/2021,57.150002,57.23,55.880001,55.970001,52.476967,35046500
5/11/2021,55.049999,55.630001,54.299999,55.040001,51.605003,35968100
5/12/2021,54.389999,54.650002,53.419998,53.619999,50.273628,30232300
5/13/2021,54.040001,54.389999,53.459999,54.009998,50.639286,29192500
5/14/2021,54.599998,55.849998,54.259998,55.349998,51.895653,28158300
5/17/2021,55.290001,55.889999,54.759998,55.330002,51.876907,20010200
5/18/2021,55.950001,56.139999,54.799999,54.84,51.41748,18703400
5/19/2021,54.07,55.43,53.84,55.360001,51.905037,23769700
5/20/2021,55.57,56.240002,55.360001,55.950001,52.45821,23145200
5/21/2021,56.419998,56.709999,55.98,56.080002,52.580097,17723100
5/24/2021,56.650002,57.389999,56.400002,56.959999,53.405178,19164400
5/25/2021,57.560001,57.560001,56.419998,56.869999,53.320793,22309900
5/26/2021,57.049999,57.23,56.59,56.919998,53.36768,15173600
5/27/2021,57.110001,57.880001,57,57.73,54.127117,32387600
5/28/2021,57.549999,57.650002,56.939999,57.119999,53.555195,20303900
6/1/2021,57.610001,57.82,56.59,56.889999,53.33955,20326400
6/2/2021,56.91,57.689999,56.759998,57.48,53.892719,18483600
6/3/2021,56.98,57.099998,56.09,56.240002,52.730114,21831300
6/4/2021,56.549999,57.75,56.540001,57.369999,53.789593,21493800
6/7/2021,57.41,57.439999,56.779999,57.09,53.527065,17364400
6/8/2021,57.450001,57.639999,56.599998,57,53.442684,33254500
6/9/2021,57.360001,57.48,56.970001,57,53.442684,13904800
6/10/2021,57.150002,58.029999,56.93,57.380001,53.798965,26738100
6/11/2021,57.470001,57.939999,56.950001,57.849998,54.239632,18119700
6/14/2021,58.02,58.200001,57.23,58.189999,54.558411,21784500
6/15/2021,58.209999,58.419998,57.799999,57.990002,54.370899,20806500
6/16/2021,58.150002,58.369999,56.77,57.220001,53.648956,21879700
6/17/2021,57.049999,57.900002,56.700001,57.18,53.611446,21498800
6/18/2021,56.68,56.75,55.099998,55.669998,52.195683,55118300
6/21/2021,55.75,56.040001,55.369999,55.869999,52.383205,19254600
6/22/2021,55.939999,56.279999,55.5,55.869999,52.383205,18682800
6/23/2021,55.869999,55.970001,55.23,55.259998,51.811272,20287900
6/24/2021,55.490002,56.099998,55.34,56.07,52.570724,21209700
6/25/2021,56.02,56.41,55.75,55.91,52.420708,21101200
6/28/2021,56.360001,57.73,56.34,57.48,53.892719,22480900
6/29/2021,57.549999,57.830002,55.880001,56.75,53.208282,26360000
6/30/2021,56.34,56.380001,55.389999,56.139999,52.636353,29891600
7/1/2021,56.130001,56.639999,55.869999,56.009998,52.514465,24871600
7/2/2021,56.549999,56.990002,56.32,56.759998,53.217659,17219400
7/6/2021,56.919998,57.009998,55.700001,56.09,52.58947,26186600
7/7/2021,56.369999,56.450001,55.709999,55.959999,52.46759,14857400
7/8/2021,55.310001,55.720001,54.790001,55.389999,51.933159,19162000
7/9/2021,55.509998,56.110001,55.310001,55.990002,52.495716,18708000
7/12/2021,56.259998,56.759998,56.110001,56.73,53.189529,15392800
7/13/2021,56.619999,57.299999,56.34,56.869999,53.320793,15716000
7/14/2021,57.169998,57.459999,56.330002,56.52,52.992638,16263600
7/15/2021,56.400002,56.400002,55.57,55.810001,52.32695,18917000
7/16/2021,56.049999,56.93,54.900002,54.970001,51.539379,25263800
7/19/2021,54.41,54.810001,53.970001,54.639999,51.229969,27007700
7/20/2021,54.919998,55.560001,54.27,55.240002,51.792526,19867000
7/21/2021,55.18,56.279999,55.009998,56.23,52.720741,18497200
7/22/2021,56.060001,56.540001,55.68,55.959999,52.46759,36691000
7/23/2021,54.580002,54.709999,52.32,53,49.692318,67742300
7/26/2021,52.810001,54.540001,52.759998,54.310001,50.920563,32881200
7/27/2021,53.119999,53.200001,52.310001,53.18,49.861084,39878000
7/28/2021,53.029999,53.919998,52.939999,53.07,49.75795,28478800
7/29/2021,53.48,54.099998,53.32,53.700001,50.348633,16886600
7/30/2021,53.650002,53.900002,53.25,53.720001,50.367386,16465700
8/2/2021,53.990002,54.470001,53.540001,53.68,50.32988,18098100
8/3/2021,53.889999,54.16,53.259998,54.060001,50.686165,16375900
8/4/2021,54.25,54.439999,53.700001,53.900002,50.536152,17612700
8/5/2021,53.990002,54.02,53.580002,53.889999,50.855114,15310000
8/6/2021,53.860001,54.130001,53.73,53.919998,50.88343,19256000
8/9/2021,54.080002,54.41,53.830002,54.049999,51.006104,14670100
8/10/2021,54.240002,54.389999,53.509998,53.939999,50.902298,16215700
8/11/2021,54.259998,54.360001,53.84,54.139999,51.09103,18590800
8/12/2021,54.169998,54.18,53.259998,53.540001,50.524826,15070100
8/13/2021,53.5,53.560001,53.060001,53.490002,50.477638,15281100
8/16/2021,53.23,53.490002,53,53.470001,50.458771,17690300
8/17/2021,53.169998,53.18,52.220001,52.689999,49.722694,22014900
8/18/2021,52.599998,53.029999,52.110001,52.189999,49.250847,15061700
8/19/2021,52.049999,52.669998,51.580002,52.439999,49.486771,22999400
8/20/2021,52.16,52.380001,51.419998,52.009998,49.08099,25728300
8/23/2021,52.59,53.540001,52.48,53.23,50.232285,23976300
8/24/2021,53.560001,53.970001,53.310001,53.810001,50.779621,20348800
8/25/2021,54.080002,54.23,53.73,53.810001,50.779621,15048400
8/26/2021,53.75,53.75,52.970001,53.130001,50.137913,19570000
8/27/2021,53.360001,53.939999,52.919998,53.889999,50.855114,16525000
8/30/2021,54.259998,54.869999,53.759998,53.939999,50.902298,14581300
8/31/2021,54.439999,54.5,53.66,54.060001,51.015541,22350100
9/1/2021,54.110001,54.16,53.529999,53.669998,50.647507,18615000
9/2/2021,53.799999,53.889999,53.349998,53.73,50.704121,15869500
9/3/2021,53.439999,54.080002,53.32,53.509998,50.496513,13456200
9/7/2021,53.57,53.950001,53.439999,53.650002,50.628632,13915000
9/8/2021,53.73,53.919998,52.990002,53.57,50.553139,18235100
9/9/2021,53.66,53.889999,53.34,53.400002,50.392712,13495800
9/10/2021,53.849998,54.98,53.810001,53.84,50.80793,20324700
9/13/2021,54.610001,55.490002,54.41,54.990002,51.893166,22639200
9/14/2021,55.369999,55.439999,54.27,54.52,51.449635,22072700
9/15/2021,54.669998,55.150002,54.419998,55.119999,52.015846,18796200
9/16/2021,54.860001,54.950001,54.240002,54.830002,51.74218,19863100
9/17/2021,54.59,54.59,53.669998,54.259998,51.204277,35359200
9/20/2021,53.209999,53.5,52.32,52.98,49.996357,35051900
9/21/2021,53.200001,53.450001,52.830002,52.869999,49.892555,17968900
9/22/2021,53.400002,53.869999,53,53.5,50.48708,18594100
9/23/2021,53.75,54.299999,53.599998,54.029999,50.987225,16474300
9/24/2021,53.779999,54.419998,53.73,54.220001,51.166534,12976200
9/27/2021,53.939999,54.869999,53.82,54.66,51.581753,13899900
9/28/2021,54.18,54.59,53.959999,54,50.95892,24691300
9/29/2021,54,54.049999,53.18,53.490002,50.477638,20514300
9/30/2021,53.759998,53.98,53.259998,53.279999,50.279465,20534100
10/1/2021,53.650002,54.110001,53.049999,53.860001,50.826805,19895100
10/4/2021,53.93,54.330002,53.080002,53.470001,50.458771,27353300
10/5/2021,53.549999,54.34,53.48,53.950001,50.911739,18129400
10/6/2021,53.48,54.07,53.07,53.98,50.940048,20059600
10/7/2021,54.32,54.990002,54.119999,54.18,51.12878,20704400
10/8/2021,54.549999,54.580002,53.700001,53.810001,50.779621,16068000
10/11/2021,53.810001,54.41,53.419998,53.439999,50.430454,14398800
10/12/2021,53.57,53.720001,52.009998,52.169998,49.231976,32784300
10/13/2021,52.380001,52.580002,51.869999,52.259998,49.31691,18534000
10/14/2021,52.900002,54,52.73,53.900002,50.864552,26586700
10/15/2021,54.200001,54.490002,53.810001,54.459999,51.393017,25231100
10/18/2021,54.189999,54.560001,53.720001,54.470001,51.402451,22407600
10/19/2021,54.630001,55.220001,54.369999,55.209999,52.100777,18392900
10/20/2021,55.25,55.490002,55.080002,55.369999,52.251762,16850300
10/21/2021,54.93,56.07,54.830002,56,52.846287,38390900
10/22/2021,50.389999,50.549999,49.139999,49.459999,46.674595,109971900
10/25/2021,49.830002,50.07,49.310001,49.41,46.627415,43178800
10/26/2021,49.400002,49.439999,47.93,48.279999,45.561047,68405400
10/27/2021,48.52,48.82,47.869999,47.889999,45.193008,41081500
10/28/2021,48.139999,48.360001,47.880001,48.080002,45.372311,31317200
10/29/2021,48.099998,49.279999,47.919998,49,46.240501,42301000
11/1/2021,49.400002,49.599998,49,49.549999,46.759525,28013700
11/2/2021,49.610001,49.900002,49.23,49.860001,47.052071,27193300
11/3/2021,49.93,50.450001,49.709999,50.389999,47.552223,23962100
11/4/2021,50.240002,50.349998,49.73,50.310001,47.806889,24806000
11/5/2021,50.549999,51.580002,50.540001,50.919998,48.386536,36816200
11/8/2021,51.459999,51.990002,51.060001,51.549999,48.985195,31647800
11/9/2021,51.540001,51.77,50.77,51.200001,48.652603,22508400
11/10/2021,50.98,51.389999,50.709999,50.759998,48.234497,25040700
11/11/2021,51.009998,51.07,50.41,50.529999,48.015942,25420000
11/12/2021,50.599998,50.900002,50.18,50.310001,47.806889,23884800
11/15/2021,50.41,50.630001,50.119999,50.32,47.816391,24695800
11/16/2021,50.369999,51.150002,50.34,50.610001,48.091965,30927800
11/17/2021,50.599998,50.939999,49.98,50.23,47.730865,23546900
11/18/2021,50.240002,50.240002,48.970001,49.68,47.208233,30658200
11/19/2021,49.599998,49.73,49.240002,49.52,47.056194,27607600
11/22/2021,49.549999,50.849998,49.41,49.830002,47.350769,33389600
11/23/2021,50.16,50.450001,48.639999,49.099998,46.657085,44713300
11/24/2021,48.860001,49.779999,48.630001,49.759998,47.284252,26035800
11/26/2021,48.900002,49.18,48.119999,48.779999,46.353012,25269000
11/29/2021,49.299999,50.130001,48.720001,50,47.51231,31478900
11/30/2021,49.5,50.400002,48.68,49.200001,46.752117,49460800
12/1/2021,49.84,50.310001,48.52,48.599998,46.181965,35093500
12/2/2021,48.610001,49.790001,48.330002,49.5,47.037189,37240800
12/3/2021,49.68,50.060001,48.759998,49.25,46.799633,32224900
12/6/2021,49.48,51.209999,49.18,50.990002,48.45306,40336000
12/7/2021,54.66,55,52.209999,52.57,49.954445,91731500
12/8/2021,52.57,52.880001,51.380001,51.75,49.175243,37143400
12/9/2021,51.299999,51.59,50.43,50.48,47.96843,31694200
12/10/2021,50.84,51.07,50.049999,50.59,48.072956,23783600
12/13/2021,50.849998,51.02,49.950001,50,47.51231,35726900
12/14/2021,49.82,50.27,49.32,49.700001,47.227242,34120400
12/15/2021,49.869999,50.779999,49.330002,50.669998,48.148975,32590300
12/16/2021,50.740002,51.400002,50.580002,50.830002,48.301014,33132300
12/17/2021,50.59,51.02,50.009998,50.619999,48.101463,50102300
12/20/2021,49.91,50.130001,48.959999,49.599998,47.132214,30140300
12/21/2021,49.939999,50.84,49.939999,50.77,48.244003,31956300
12/22/2021,50.639999,51.02,50.209999,50.970001,48.434055,23307900
12/23/2021,51.080002,51.73,51.049999,51.310001,48.757137,25198200
12/27/2021,51.349998,52.060001,51.299999,51.939999,49.355785,20985400
12/28/2021,51.93,52.119999,51.630001,51.759998,49.184746,19290400
12/29/2021,51.810001,52.139999,51.66,51.830002,49.251263,14174800
12/30/2021,51.919998,52.139999,51.650002,51.740002,49.165741,18359400
12/31/2021,51.889999,52.16,51.459999,51.5,48.937679,16319000
1/3/2022,51.650002,53.23,51.599998,53.209999,50.562603,33857600
1/4/2022,53.57,53.939999,52.650002,53.139999,50.496078,45681400
1/5/2022,54.189999,56.169998,53.830002,53.869999,51.189766,59109300
1/6/2022,54.610001,54.669998,53.419998,54.009998,51.322796,35757900
1/7/2022,54.189999,54.389999,53.150002,53.439999,50.781155,30717200
1/10/2022,53.970001,55.310001,53.310001,55.209999,52.463093,49260800
1/11/2022,55.5,56.080002,54.73,55.91,53.128265,39795200
1/12/2022,56.139999,56.279999,54.810001,55.740002,52.966724,29136800
1/13/2022,56,56.209999,54.77,54.939999,52.206524,29605400
1/14/2022,54.849998,55.77,54.529999,55.700001,52.928715,30151500
1/18/2022,55.310001,55.650002,54.68,54.759998,52.035484,35313800
1/19/2022,54.630001,54.849998,53.560001,53.619999,50.952202,30595100
1/20/2022,53.860001,54.09,51.939999,52.040001,49.450809,28582600
1/21/2022,52.080002,53.130001,51.950001,52.040001,49.450809,46372400
1/24/2022,51.48,52.130001,49.880001,51.939999,49.355785,64198400
1/25/2022,51.009998,51.619999,50.25,51,48.462559,44095400
1/26/2022,51.130001,52.720001,50.75,51.689999,49.118229,54895400
1/27/2022,49.98,50.060001,47.779999,48.049999,45.659336,89642800
1/28/2022,47.709999,48.200001,46.299999,47.73,45.355247,61945400
1/31/2022,47.68,48.869999,47.310001,48.82,46.391022,51828400
2/1/2022,48.779999,49.029999,48.360001,48.950001,46.514557,35386100
2/2/2022,48.25,49.580002,48.09,49.509998,47.046688,37962700
2/3/2022,49.25,49.689999,48.25,48.279999,45.877884,42145800
2/4/2022,47.860001,48.240002,47.130001,48.009998,45.968849,32431500
2/7/2022,48.130001,48.66,47.959999,48.18,46.131622,27558500
2/8/2022,47.98,48.939999,47.900002,48.810001,46.734837,28051200
2/9/2022,49.330002,49.970001,48.830002,49.91,47.788071,35217300
2/10/2022,49.18,49.93,48.759998,48.860001,46.782715,32762700
2/11/2022,48.950001,49.110001,47.5,47.630001,45.605003,37208200
2/14/2022,47.919998,48.18,47.110001,47.580002,45.557133,28456900
2/15/2022,47.700001,48.459999,47.189999,48.439999,46.380562,35837900
2/16/2022,48.060001,48.490002,47.599998,48.23,46.179493,26022900
2/17/2022,47.860001,48.259998,47.380001,47.57,45.547558,32030600
2/18/2022,46.189999,46.209999,44.509998,45.040001,43.125118,76520100
2/22/2022,44.689999,45.41,43.849998,44.689999,42.789997,57093300
2/23/2022,45.169998,45.709999,44.549999,44.650002,42.751705,38176700
2/24/2022,43.900002,46.790001,43.630001,46.720001,44.733696,72740100
2/25/2022,46.93,47.790001,46.25,47.709999,45.681602,39266300
2/28/2022,47,47.82,46.849998,47.700001,45.672028,41946100
3/1/2022,47.540001,47.900002,46.220001,46.82,44.829441,53853000
3/2/2022,47.52,48.990002,47.48,48.869999,46.79229,46936500
3/3/2022,48.18,48.549999,47.619999,47.93,45.89225,36389900
3/4/2022,47.369999,48.27,47.369999,48.07,46.026299,38310700
3/7/2022,48.009998,48.540001,47.599998,47.68,45.652882,43813700
3/8/2022,47.689999,48.720001,46.889999,47.5,45.480534,44813900
3/9/2022,48.41,48.459999,46.889999,47.630001,45.605003,36076500
3/10/2022,47.290001,47.310001,46.16,46.66,44.676247,36456000
3/11/2022,47.150002,47.279999,45.77,45.830002,43.881531,27082100
3/14/2022,45.900002,45.98,44.299999,44.400002,42.512329,35993900
3/15/2022,44.5,44.900002,44.07,44.810001,42.9049,34448900
3/16/2022,45.299999,46.630001,45.27,46.630001,44.647518,38885500
3/17/2022,46.32,47.290001,45.73,47.139999,45.135838,28555000
3/18/2022,46.82,47.599998,46.349998,47.450001,45.432659,46237100
3/21/2022,47.459999,47.889999,47.07,47.389999,45.37521,32910900
3/22/2022,47.5,48.470001,47.400002,48.389999,46.332691,27923300
3/23/2022,48.459999,49.580002,48.060001,48.27,46.217796,37126400
3/24/2022,48.66,51.650002,48.59,51.619999,49.425369,51677900
3/25/2022,50.689999,51.98,50.450001,51.830002,49.626442,33239800
3/28/2022,51.360001,51.57,50.560001,51.509998,49.320045,22932400
3/29/2022,52,52.290001,51.279999,52.25,50.028587,27303700
3/30/2022,52.25,52.509998,51.220001,51.43,49.243446,24623300
3/31/2022,51.200001,51.259998,49.509998,49.560001,47.452953,43698300
4/1/2022,49.830002,49.900002,47.330002,48.110001,46.064598,46598600
4/4/2022,48.169998,49.23,47.919998,49.200001,47.108257,23784900
4/5/2022,48.830002,48.98,48.02,48.130001,46.083748,25779200
4/6/2022,47.439999,48.169998,47.240002,47.540001,45.518829,31518700
4/7/2022,47.43,47.91,46.77,47.560001,45.537987,24117000
4/8/2022,47.279999,47.580002,46.849998,47.02,45.020943,22167300
4/11/2022,46.900002,47.299999,46.529999,46.57,44.590076,30352500
4/12/2022,47.32,47.91,46.41,46.5,44.523045,29861400
4/13/2022,46.75,47.27,46.549999,47.009998,45.011364,22171300
4/14/2022,46.75,46.75,45.619999,45.669998,43.728333,36181800
4/18/2022,45.529999,46.889999,45.52,46.639999,44.657093,25593100
4/19/2022,46.599998,48,46.34,47.93,45.89225,31483100
4/20/2022,48.360001,48.75,47.98,48.110001,46.064598,22787100
4/21/2022,48.619999,48.900002,47.400002,47.5,45.480534,27316900
4/22/2022,47.450001,47.650002,46.5,46.540001,44.561344,28219900
4/25/2022,46.209999,47.139999,46.18,47.060001,45.059242,35999300
4/26/2022,46.689999,46.84,45.509998,45.52,43.584713,35356600
4/27/2022,45.48,46.060001,45.009998,45.220001,43.297466,28320900
4/28/2022,45.790001,47.27,45.540001,46.84,44.848591,41097000
4/29/2022,44.990002,45.360001,43.5,43.59,41.736767,70765900
5/2/2022,43.720001,44.990002,43.509998,44.959999,43.048523,45446500
5/3/2022,44.790001,45.490002,44.23,45.060001,43.144272,40158400
5/4/2022,45.060001,46.639999,44.41,46.540001,44.561344,44625600
5/5/2022,45.599998,45.91,44.130001,44.599998,43.041386,52996700
5/6/2022,44.490002,45.150002,43.84,44.299999,42.751873,40916600
5/9/2022,43.810001,44.200001,42.869999,43.07,41.564857,44925800
5/10/2022,44.349998,44.740002,43.5,44.009998,42.472008,42770000
5/11/2022,44.02,44.290001,42.779999,42.830002,41.333244,40351700
5/12/2022,42.73,42.91,42.009998,42.84,41.342892,42329600
5/13/2022,43.419998,43.84,42.970001,43.599998,42.076332,32034100
5/16/2022,43.419998,43.610001,42.790001,43.080002,41.574505,25071900
5/17/2022,43.82,44.419998,43.650002,44.400002,42.848377,28596600
5/18/2022,43.98,43.98,42.220001,42.349998,40.870018,35218400
5/19/2022,42.32,42.700001,41.720001,42.009998,40.541897,29181000
5/20/2022,42.25,42.290001,40.310001,41.650002,40.194481,44802300
5/23/2022,41.689999,42.25,41.330002,42,40.532249,27199500
5/24/2022,41.700001,41.889999,41.099998,41.669998,40.213779,29837500
5/25/2022,41.439999,42.52,41.389999,42.200001,40.725258,26283100
5/26/2022,42.169998,43.68,42.080002,43.48,41.960526,28826700
5/27/2022,43.59,44.549999,43.549999,44.549999,42.993134,30553300
5/31/2022,44.25,44.75,43.650002,44.419998,42.86768,41111500
6/1/2022,44.77,44.93,43.529999,44.110001,42.568512,29885500
6/2/2022,44.189999,44.880001,43.939999,44.84,43.272999,28727600
6/3/2022,44.110001,44.25,43.34,43.389999,41.873672,33174700
6/6/2022,43.810001,44.040001,43.080002,43.34,41.82542,25437100
6/7/2022,43.060001,43.59,42.66,43.529999,42.008778,25168700
6/8/2022,42.25,42.259998,41.029999,41.23,39.789158,59649900
6/9/2022,41.009998,41.349998,40.009998,40.009998,38.61179,39047200
6/10/2022,39.849998,40.080002,39.18,39.18,37.810795,43066200
6/13/2022,38.549999,38.810001,37.669998,37.77,36.450077,50335900
6/14/2022,38.009998,38.200001,37.540001,37.93,36.604481,31351700
6/15/2022,38.560001,39.169998,37.919998,38.650002,37.29932,37652300
6/16/2022,37.700001,37.790001,36.93,37.34,36.035099,45576500
6/17/2022,37.48,38.119999,36.599998,36.970001,35.678032,71393200
6/21/2022,37.360001,38.029999,37.330002,37.73,36.411469,34004900
6/22/2022,37.330002,37.77,37.220001,37.380001,36.0737,32571000
6/23/2022,37.610001,37.619999,36.91,37.41,36.102654,30163000
6/24/2022,37.849998,38.639999,37.740002,38.610001,37.260719,38159900
6/27/2022,38.869999,39.060001,38.470001,38.630001,37.280018,29585300
6/28/2022,38.580002,39.02,37.740002,37.779999,36.459717,37824200
6/29/2022,37.540001,37.599998,37.02,37.290001,35.986847,25437200
6/30/2022,37.209999,38,36.73,37.41,36.102654,35141000
7/1/2022,37.09,37.200001,35.880001,36.34,35.070045,40596300
7/5/2022,35.93,36.740002,35.540001,36.689999,35.407814,33215000
7/6/2022,36.82,37.419998,36.459999,36.990002,35.69733,26258300
7/7/2022,37.889999,38.330002,37.73,38.139999,36.80714,33165400
7/8/2022,37.66,38.139999,37.389999,37.990002,36.662384,22566300
7/11/2022,37.66,37.669998,37.029999,37.200001,35.89999,25904300
7/12/2022,37.650002,37.700001,36.990002,37.209999,35.909641,30546300
7/13/2022,36.68,37.43,36.619999,37.209999,35.909641,27059200
7/14/2022,36.990002,38.16,36.290001,37.709999,36.39217,36690700
7/15/2022,38.27,38.669998,37.73,38.619999,37.270367,32892300
7/18/2022,39.099998,39.34,38.529999,38.709999,37.357224,30814400
7/19/2022,39.32,40.73,39.240002,40.220001,38.814453,53095300
7/20/2022,40.209999,40.669998,39.560001,40.560001,39.142574,36387900
7/21/2022,40.509998,40.650002,39.82,40.610001,39.190826,29661200
7/22/2022,40.369999,40.509998,38.939999,39.200001,37.830101,41350000
7/25/2022,39.279999,39.41,38.549999,39.16,37.791496,32263400
7/26/2022,39.099998,39.57,38.880001,38.959999,37.598488,35925500
7/27/2022,39.27,40.419998,39.23,40.18,38.775848,42571600
7/28/2022,40.09,40.119999,39.040001,39.709999,38.322277,56662300
7/29/2022,35.599998,36.619999,35.240002,36.310001,35.041096,125292400
8/1/2022,36.049999,37.689999,36.049999,36.959999,35.668377,52513400
8/2/2022,36.59,36.66,36,36.009998,34.751575,53929400
8/3/2022,36.09,36.59,35.259998,36.52,35.243759,59513900
8/4/2022,36.009998,36.099998,35.360001,35.66,34.76123,54046300
8/5/2022,35.349998,35.689999,35.18,35.389999,34.498035,40205100
8/8/2022,35.360001,35.959999,35.200001,35.380001,34.488289,41534600
8/9/2022,35.220001,35.299999,34.400002,34.52,33.649963,48202300
8/10/2022,34.990002,35.400002,34.59,35.369999,34.478539,42243300
8/11/2022,35.639999,36.290001,35.490002,35.59,34.692997,35569700
8/12/2022,35.799999,36.139999,35.669998,36.110001,35.19989,37675200
8/15/2022,36.099998,36.43,35.709999,36.34,35.424091,25400600
8/16/2022,36.16,36.580002,35.700001,36.189999,35.27787,25000200
8/17/2022,35.810001,36.080002,35.27,35.779999,34.878204,29176100
8/18/2022,35.68,36.330002,35.57,36.200001,35.287621,24598200
8/19/2022,35.799999,36.029999,35.189999,35.380001,34.488289,31425500
8/22/2022,35,35.060001,33.73,33.84,32.987099,51006100
8/23/2022,33.98,34.389999,33.91,33.950001,33.09433,30687100
8/24/2022,33.970001,33.990002,33.599998,33.860001,33.006596,25105700
8/25/2022,33.869999,34.93,33.82,34.889999,34.010635,29799100
8/26/2022,34.950001,35.029999,33.349998,33.360001,32.519199,44851500
8/29/2022,33.23,33.41,32.810001,32.939999,32.109787,32976800
8/30/2022,33.040001,33.07,32.150002,32.259998,31.446922,40182500
8/31/2022,32.389999,32.389999,31.77,31.92,31.115494,44074500
9/1/2022,31.57,31.83,31.129999,31.76,30.959526,36440700
9/2/2022,32.209999,32.380001,31.059999,31.219999,30.433134,34893300
9/6/2022,31.389999,31.389999,30.33,30.360001,29.594812,46989600
9/7/2022,30.42,30.790001,30.049999,30.65,29.877502,37329500
9/8/2022,30.370001,30.85,29.91,30.75,29.974981,37359500
9/9/2022,31.190001,31.5,31.08,31.459999,30.667086,34069500
9/12/2022,31.74,31.860001,31.1,31.559999,30.764566,38305500
9/13/2022,30.83,30.93,29.25,29.290001,28.551779,71417900
9/14/2022,29.549999,29.77,29.01,29.18,28.444551,40767200
9/15/2022,29.15,29.41,28.709999,28.84,28.113121,39919100
9/16/2022,28.700001,29.32,28.42,29.24,28.50304,72748000
9/19/2022,29.02,29.5,28.9,29.440001,28.697998,33151900
9/20/2022,29.07,29.17,28.709999,28.959999,28.230095,31129000
9/21/2022,29.15,29.59,28.459999,28.469999,27.752447,39977300
9/22/2022,28.4,28.5,28.040001,28.07,27.362528,36092700
9/23/2022,27.9,27.9,27.190001,27.52,26.826391,43491100
9/26/2022,27.559999,27.700001,26.860001,26.969999,26.290251,44786400
9/27/2022,27.4,27.6,26.620001,26.889999,26.212269,44121400
9/28/2022,26.860001,27.280001,26.6,27.129999,26.446218,40433400
9/29/2022,26.780001,26.780001,26.190001,26.379999,25.715122,41831300
9/30/2022,26.299999,26.57,25.74,25.77,25.120499,43821000
10/3/2022,26.33,27.25,26.07,26.969999,26.290251,44096200
10/4/2022,27.43,27.799999,27.09,27.700001,27.001854,42427500
10/5/2022,27.370001,27.84,26.889999,27.639999,26.943365,30120000
10/6/2022,27.440001,27.76,27,27.18,26.494959,33985100
10/7/2022,26.17,26.280001,25.65,25.719999,25.071756,57215500
10/10/2022,25.940001,25.99,25.09,25.200001,24.564863,43409300
10/11/2022,25.01,25.48,24.690001,25.040001,24.408895,48134900
10/12/2022,25.049999,25.52,24.66,25.33,24.691587,39634100
10/13/2022,24.73,26.84,24.59,26.42,25.754114,62447000
10/14/2022,26.459999,26.629999,25.76,25.91,25.256968,48185400
10/17/2022,26.309999,26.75,26.17,26.42,25.754114,39416500
10/18/2022,26.74,26.959999,25.540001,25.870001,25.217976,51126900
10/19/2022,25.74,26.25,25.690001,26,25.3447,33882300
10/20/2022,26.15,26.950001,25.950001,26.08,25.422684,33247700
10/21/2022,25.85,27.049999,25.790001,26.969999,26.290251,53058700
10/24/2022,26.75,27.48,26.52,27.18,26.494959,43831600
10/25/2022,27.18,27.559999,27,27.41,26.719162,32205300
10/26/2022,27.190001,27.799999,26.99,27.209999,26.524202,37111100
10/27/2022,27.450001,27.59,26.129999,26.27,25.607895,56305100
10/28/2022,28.18,29.219999,27.860001,29.07,28.337324,91695700
10/31/2022,29.08,29.18,28.049999,28.43,27.713455,59507700
11/1/2022,28.799999,28.85,27.889999,28.299999,27.586731,44418700
11/2/2022,28.27,28.85,27.41,27.42,26.72891,51956100
11/3/2022,27.450001,27.879999,27.17,27.389999,26.699665,39678200
11/4/2022,27.57,28.24,27.41,28.200001,27.860523,43051900
11/7/2022,28.360001,28.469999,27.889999,28.41,28.067993,34389800
11/8/2022,28.76,28.950001,27.93,28.48,28.13715,36258000
11/9/2022,28.219999,28.299999,27.52,27.52,27.188709,30544800
11/10/2022,28.879999,29.83,28.65,29.76,29.401743,62943900
11/11/2022,28.93,30.629999,28.870001,30.43,30.063677,49826500
11/14/2022,30.34,30.99,30.18,30.35,29.98464,39395300
11/15/2022,31.1,31.34,30.17,30.709999,30.340305,40933200
11/16/2022,30.110001,30.23,29.440001,29.530001,29.174511,35582800
11/17/2022,29.07,29.950001,29,29.889999,29.530176,31983300
11/18/2022,30.26,30.26,29.610001,29.870001,29.510418,27122200
11/21/2022,29.66,29.719999,28.91,28.940001,28.591614,36086800
11/22/2022,29.139999,29.860001,29.059999,29.82,29.46102,25584100
11/23/2022,29.73,30.08,29.49,29.67,29.312826,23143900
11/25/2022,29.68,29.68,29.34,29.34,28.986799,11314900
11/28/2022,29.1,29.190001,28.540001,28.73,28.384142,28267900
11/29/2022,28.85,29.18,28.74,28.9,28.552095,24361500
11/30/2022,28.77,30.08,28.219999,30.07,29.70801,72072500
12/1/2022,30.24,30.48,29.52,29.83,29.4709,38896300
12/2/2022,29.17,29.43,28.709999,29.41,29.055956,31546000
12/5/2022,29.42,29.75,28.889999,29.17,28.818846,34040400
12/6/2022,29.190001,29.309999,28.34,28.6,28.255707,27701200
12/7/2022,28.280001,28.549999,28.15,28.33,27.988956,28239900
12/8/2022,28.32,28.6,28.07,28.440001,28.097633,28486100
12/9/2022,28.389999,28.780001,28.190001,28.24,27.90004,25641300
12/12/2022,28.129999,28.709999,27.860001,28.690001,28.344624,35117900
12/13/2022,29.790001,30.09,28.370001,28.73,28.384142,58546800
12/14/2022,28.51,29.120001,28.01,28.26,27.9198,37141100
12/15/2022,27.940001,28,27.120001,27.15,26.823162,45682700
12/16/2022,27,27.139999,26.450001,26.92,26.59593,81104200
12/19/2022,26.9,26.969999,26.5,26.790001,26.467497,37662500
12/20/2022,26.540001,26.870001,26.42,26.440001,26.12171,31863300
12/21/2022,26.59,26.969999,26.58,26.83,26.507013,28100900
12/22/2022,26.450001,26.450001,25.35,25.969999,25.657366,47478300
12/23/2022,25.92,26.190001,25.68,26.09,25.775923,23600900
12/27/2022,25.85,26.1,25.65,25.940001,25.627729,29548100
12/28/2022,25.84,26.120001,25.5,25.540001,25.232544,26176900
12/29/2022,25.77,26.290001,25.75,26.209999,25.894478,30944800
12/30/2022,25.9,26.459999,25.799999,26.43,26.11183,31030100
1/3/2023,27.049999,27.07,26.370001,26.73,26.408218,31308000
1/4/2023,27.41,27.92,27.16,27.68,27.346783,37665200
1/5/2023,27.440001,27.780001,27.379999,27.559999,27.228226,33552600
1/6/2023,27.93,28.83,27.379999,28.73,28.384142,31788600
1/9/2023,28.84,29.870001,28.84,29.309999,28.957159,37493200
1/10/2023,29.24,29.51,28.92,29.440001,29.085594,23008100
1/11/2023,29.68,29.879999,29,29.85,29.49066,30375400
1/12/2023,29.98,30.379999,29.469999,30.290001,29.925364,28963900
1/13/2023,29.969999,30.17,29.809999,30.110001,29.74753,31361900
1/17/2023,30.18,30.26,29.52,29.6,29.24367,34759100
1/18/2023,29.799999,29.82,28.629999,28.809999,28.463179,44199600
1/19/2023,28.610001,28.76,28.24,28.42,28.077873,36886600
1/20/2023,28.42,29.23,28.25,29.219999,28.868242,35158500
1/23/2023,29.33,30.49,29.18,30.27,29.905603,38795800
1/24/2023,29.940001,30.190001,29.73,29.92,29.559816,24855100
1/25/2023,29.52,29.889999,29.17,29.700001,29.342464,28268000
1/26/2023,30.059999,30.110001,29.33,30.09,29.72777,56088100
1/27/2023,27.07,28.24,26.780001,28.16,27.821003,148548200
1/30/2023,27.719999,28.51,27.67,27.950001,27.613533,55145800
1/31/2023,27.780001,28.290001,27.530001,28.26,27.9198,52621600
2/1/2023,27.889999,29.43,27.68,29.07,28.720049,63330600
2/2/2023,29.25,30.299999,28.799999,30.190001,29.826567,62230700
2/3/2023,29.620001,31.17,29.530001,30.32,29.955,57603100
2/6/2023,29.549999,29.65,28.610001,28.690001,28.690001,48726400
2/7/2023,28.65,29.27,28.43,29.049999,29.049999,50780800
2/8/2023,28.950001,29.120001,28.209999,28.24,28.24,36479100
2/9/2023,28.68,28.82,27.57,27.73,27.73,43906400
2/10/2023,27.629999,27.99,27.34,27.799999,27.799999,31232500
2/13/2023,27.870001,28.549999,27.719999,28.549999,28.549999,32347500
2/14/2023,28.379999,28.719999,27.99,28.639999,28.639999,27928900
2/15/2023,28.360001,28.879999,28.16,28.85,28.85,23359400
2/16/2023,28.5,28.83,28.129999,28.200001,28.200001,28972500
2/17/2023,28,28.07,27.379999,27.610001,27.610001,32086200
2/21/2023,27.110001,27.27,26.040001,26.059999,26.059999,63668400
2/22/2023,25.91,26.9,25.299999,25.469999,25.469999,89195300
2/23/2023,25.780001,26.08,25.32,25.610001,25.610001,56473200
2/24/2023,25.219999,25.35,24.92,25.139999,25.139999,44089900
2/27/2023,25.549999,25.58,24.879999,24.9,24.9,37657000
2/28/2023,24.940001,25.120001,24.73,24.93,24.93,50255300
3/1/2023,25.030001,25.92,24.969999,25.33,25.33,47823400
3/2/2023,25.209999,26.299999,25.120001,26.200001,26.200001,48309300
3/3/2023,26.200001,26.48,26.01,26.4,26.4,36744900
3/6/2023,26.469999,26.540001,25.93,25.99,25.99,37879800
3/7/2023,25.84,25.99,25.5,25.530001,25.530001,43164600
3/8/2023,25.559999,26.01,25.450001,25.98,25.98,36071900
3/9/2023,25.98,26.98,25.969999,26.440001,26.440001,54886100
3/10/2023,26.549999,27.52,26.32,27.219999,27.219999,65187000
3/13/2023,26.74,27.309999,26.610001,26.950001,26.950001,50977000
3/14/2023,27.35,28.1,27.25,28.01,28.01,47689800
3/15/2023,27.73,28.5,27.66,28.41,28.41,49322800
3/16/2023,28.389999,30.27,28.389999,30.18,30.18,75779500
3/17/2023,29.92,31,29.440001,29.809999,29.809999,80628500
3/20/2023,29.799999,29.9,28.629999,29.16,29.16,38780100
3/21/2023,29,29.17,27.98,28.459999,28.459999,55650800
3/22/2023,28.48,29.120001,28.1,28.129999,28.129999,37415500
3/23/2023,28.379999,29.16,28.219999,29.030001,29.030001,43785500
3/24/2023,29.040001,29.809999,28.93,29.360001,29.360001,55912100
3/27/2023,29.370001,29.73,29.08,29.18,29.18,34758200
3/28/2023,29.08,29.33,28.629999,29.290001,29.290001,37407900
3/29/2023,29.77,31.889999,29.76,31.52,31.52,85556200
3/30/2023,31.85,32.580002,31.809999,32.09,32.09,70077600
3/31/2023,31.799999,32.900002,31.73,32.669998,32.669998,59740100
4/3/2023,32.939999,33.560001,32.540001,32.889999,32.889999,57038300
4/4/2023,32.849998,33.84,32.84,33.099998,33.099998,55714100
4/5/2023,32.799999,32.990002,32.34,32.830002,32.830002,39615700
4/6/2023,32.599998,33,32.459999,32.810001,32.810001,28551900
4/10/2023,32.599998,32.759998,32.200001,32.52,32.52,30534400
4/11/2023,32.66,33.110001,32.32,32.349998,32.349998,27059100
4/12/2023,32.77,32.889999,31.959999,32.02,32.02,37070800
4/13/2023,31.82,32.43,31.65,32.130001,32.130001,29722300
4/14/2023,32,32.240002,31.690001,31.889999,31.889999,24613300
4/17/2023,31.950001,32.639999,31.77,32.139999,32.139999,29601100
4/18/2023,32.43,32.459999,31.780001,31.83,31.83,26041400
4/19/2023,31.1,31.52,31.08,31.15,31.15,25731500
